;open_time;Open;High;Low;Close;Volume;close_time
2021-09-11 19:59:59.999;1631397600000.0;45380.0;45382.47;45006.0;45088.95;1305;1631401199999.0
2021-09-11 20:59:59.999;1631401200000.0;45088.94;45221.84;44974.79;45173.69;1191;1631404799999.0
2021-09-11 21:59:59.999;1631404800000.0;45173.68;45297.28;44769.5;44953.98;1785;1631408399999.0
2021-09-11 22:59:59.999;1631408400000.0;44953.99;45014.79;44742.06;44949.97;1075;1631411999999.0
2021-09-11 23:59:59.999;1631412000000.0;44949.98;45319.39;44907.09;45304.4;898;1631415599999.0
2021-09-12 00:59:59.999;1631415600000.0;45304.4;45343.6;45198.93;45316.28;876;1631419199999.0
2021-09-12 01:59:59.999;1631419200000.0;45316.27;45500.0;45222.17;45334.11;898;1631422799999.0
2021-09-12 02:59:59.999;1631422800000.0;45334.1;45492.71;45236.0;45365.05;770;1631426399999.0
2021-09-12 03:59:59.999;1631426400000.0;45365.06;45438.58;45112.93;45150.33;764;1631429999999.0
2021-09-12 04:59:59.999;1631430000000.0;45150.34;45383.77;45044.0;45357.02;1089;1631433599999.0
2021-09-12 05:59:59.999;1631433600000.0;45357.03;46155.0;45301.1;46119.31;2901;1631437199999.0
2021-09-12 06:59:59.999;1631437200000.0;46123.91;46200.0;45834.96;45857.81;1502;1631440799999.0
2021-09-12 07:59:59.999;1631440800000.0;45857.81;45984.97;45730.27;45944.77;1320;1631444399999.0
2021-09-12 08:59:59.999;1631444400000.0;45944.76;46085.91;45864.82;46085.9;1012;1631447999999.0
2021-09-12 09:59:59.999;1631448000000.0;46085.91;46161.51;45950.0;45995.06;1236;1631451599999.0
2021-09-12 10:59:59.999;1631451600000.0;45995.05;46270.56;45738.0;45924.35;1601;1631455199999.0
2021-09-12 11:59:59.999;1631455200000.0;45924.35;46019.07;45841.7;45870.32;1158;1631458799999.0
2021-09-12 12:59:59.999;1631458800000.0;45870.31;45970.0;45744.24;45886.99;1092;1631462399999.0
2021-09-12 13:59:59.999;1631462400000.0;45890.61;46146.89;45840.0;45881.19;1585;1631465999999.0
2021-09-12 14:59:59.999;1631466000000.0;45881.19;45978.21;45839.72;45930.95;715;1631469599999.0
2021-09-12 15:59:59.999;1631469600000.0;45930.94;45995.45;45802.89;45896.63;820;1631473199999.0
2021-09-12 16:59:59.999;1631473200000.0;45896.64;45964.03;45761.01;45902.87;664;1631476799999.0
2021-09-12 17:59:59.999;1631476800000.0;45902.87;46200.0;45000.68;45091.83;3229;1631480399999.0
2021-09-12 18:59:59.999;1631480400000.0;45089.99;45294.74;44900.0;45287.41;1793;1631483999999.0
2021-09-12 19:59:59.999;1631484000000.0;45287.4;45786.78;45264.8;45786.78;1341;1631487599999.0
2021-09-12 20:59:59.999;1631487600000.0;45786.78;46460.0;45786.78;46025.24;1960;1631491199999.0
2021-09-12 21:59:59.999;1631491200000.0;46025.23;46285.71;45932.2;46046.28;1324;1631494799999.0
2021-09-12 22:59:59.999;1631494800000.0;46046.28;46100.0;45101.78;45177.19;2071;1631498399999.0
2021-09-12 23:59:59.999;1631498400000.0;45177.19;45273.5;44817.41;44960.37;2346;1631501999999.0
2021-09-13 00:59:59.999;1631502000000.0;44960.37;45134.35;44555.0;44617.79;1979;1631505599999.0
2021-09-13 01:59:59.999;1631505600000.0;44614.68;44765.0;44480.0;44711.0;3001;1631509199999.0
2021-09-13 02:59:59.999;1631509200000.0;44711.0;44974.19;44315.0;44745.14;3231;1631512799999.0
2021-09-13 03:59:59.999;1631512800000.0;44745.14;44906.68;44594.74;44813.5;1743;1631516399999.0
2021-09-13 04:59:59.999;1631516400000.0;44813.5;44893.1;44174.0;44470.63;3013;1631519999999.0
2021-09-13 05:59:59.999;1631520000000.0;44470.62;44561.53;44164.2;44395.0;2301;1631523599999.0
2021-09-13 06:59:59.999;1631523600000.0;44395.0;44654.87;44344.67;44509.87;1640;1631527199999.0
2021-09-13 07:59:59.999;1631527200000.0;44509.87;44770.93;44468.58;44691.66;1253;1631530799999.0
2021-09-13 08:59:59.999;1631530800000.0;44691.66;44915.0;44170.01;44859.24;2698;1631534399999.0
2021-09-13 09:59:59.999;1631534400000.0;44859.24;45006.0;44500.0;44629.42;2336;1631537999999.0
2021-09-13 10:59:59.999;1631538000000.0;44629.42;46880.0;44565.86;46140.01;8396;1631541599999.0
2021-09-13 11:59:59.999;1631541600000.0;46140.01;46249.37;43370.0;43933.32;13849;1631545199999.0
2021-09-13 12:59:59.999;1631545200000.0;43933.32;44533.33;43858.0;44361.31;3028;1631548799999.0
2021-09-13 13:59:59.999;1631548800000.0;44361.97;44454.91;44167.01;44434.98;1704;1631552399999.0
2021-09-13 14:59:59.999;1631552400000.0;44434.97;44561.52;44310.01;44461.74;1345;1631555999999.0
2021-09-13 15:59:59.999;1631556000000.0;44461.74;44740.45;44304.48;44705.37;1370;1631559599999.0
2021-09-13 16:59:59.999;1631559600000.0;44707.85;44813.55;44605.2;44741.66;1251;1631563199999.0
2021-09-13 17:59:59.999;1631563200000.0;44741.66;45260.0;44738.34;45168.52;1508;1631566799999.0
2021-09-13 18:59:59.999;1631566800000.0;45174.25;45500.0;44910.93;45100.89;1645;1631570399999.0
2021-09-13 19:59:59.999;1631570400000.0;45100.88;45222.22;44931.71;45055.36;1202;1631573999999.0
2021-09-13 20:59:59.999;1631574000000.0;45055.36;45131.0;44784.03;44940.73;1186;1631577599999.0
2021-09-13 21:59:59.999;1631577600000.0;44940.72;45300.0;44594.44;45168.69;1879;1631581199999.0
2021-09-13 22:59:59.999;1631581200000.0;45168.7;45363.93;45088.7;45132.78;960;1631584799999.0
2021-09-13 23:59:59.999;1631584800000.0;45132.82;45185.45;44976.84;45024.31;1059;1631588399999.0
2021-09-14 00:59:59.999;1631588400000.0;45024.3;45289.46;45010.0;45186.85;978;1631591999999.0
2021-09-14 01:59:59.999;1631592000000.0;45186.85;45320.0;45059.61;45083.6;965;1631595599999.0
2021-09-14 02:59:59.999;1631595600000.0;45083.6;45256.04;45050.1;45237.46;822;1631599199999.0
2021-09-14 03:59:59.999;1631599200000.0;45237.47;45712.76;45148.56;45603.52;2069;1631602799999.0
2021-09-14 04:59:59.999;1631602800000.0;45603.53;45881.6;45603.52;45720.02;2060;1631606399999.0
2021-09-14 05:59:59.999;1631606400000.0;45720.03;46048.49;45678.01;45961.72;2022;1631609999999.0
2021-09-14 06:59:59.999;1631610000000.0;45961.71;46178.43;45729.52;45836.71;1806;1631613599999.0
2021-09-14 07:59:59.999;1631613600000.0;45836.71;46074.83;45800.22;46027.93;1164;1631617199999.0
2021-09-14 08:59:59.999;1631617200000.0;46027.93;46141.78;45860.02;45973.8;1098;1631620799999.0
2021-09-14 09:59:59.999;1631620800000.0;45973.79;46600.0;45756.16;46532.99;3811;1631624399999.0
2021-09-14 10:59:59.999;1631624400000.0;46533.0;46750.0;46319.24;46419.24;3593;1631627999999.0
2021-09-14 11:59:59.999;1631628000000.0;46419.34;46577.19;46052.15;46564.5;2480;1631631599999.0
2021-09-14 12:59:59.999;1631631600000.0;46564.49;46950.0;46557.12;46754.42;4154;1631635199999.0
2021-09-14 13:59:59.999;1631635200000.0;46754.43;46888.88;46512.95;46587.81;1704;1631638799999.0
2021-09-14 14:59:59.999;1631638800000.0;46587.81;46793.71;46444.44;46739.74;1506;1631642399999.0
2021-09-14 15:59:59.999;1631642400000.0;46739.75;46739.75;46331.01;46507.9;2023;1631645999999.0
2021-09-14 16:59:59.999;1631646000000.0;46507.9;46650.01;46431.08;46474.89;1175;1631649599999.0
2021-09-14 17:59:59.999;1631649600000.0;46474.89;46964.9;46455.66;46792.97;1877;1631653199999.0
2021-09-14 18:59:59.999;1631653200000.0;46793.49;46839.47;46376.99;46628.94;1218;1631656799999.0
2021-09-14 19:59:59.999;1631656800000.0;46628.95;47249.45;46574.13;47182.69;2985;1631660399999.0
2021-09-14 20:59:59.999;1631660400000.0;47182.68;47250.0;46883.52;47111.52;1439;1631663999999.0
2021-09-14 21:59:59.999;1631664000000.0;47103.28;47369.17;46938.22;47155.08;2756;1631667599999.0
2021-09-14 22:59:59.999;1631667600000.0;47155.09;47470.0;46978.29;47050.73;1763;1631671199999.0
2021-09-14 23:59:59.999;1631671200000.0;47050.73;47213.62;46972.58;47175.98;1006;1631674799999.0
2021-09-15 00:59:59.999;1631674800000.0;47175.99;47200.0;46950.0;47075.48;1384;1631678399999.0
2021-09-15 01:59:59.999;1631678400000.0;47075.47;47124.95;46831.78;46867.71;1200;1631681999999.0
2021-09-15 02:59:59.999;1631682000000.0;46867.71;47099.98;46788.0;46893.37;1331;1631685599999.0
2021-09-15 03:59:59.999;1631685600000.0;46893.37;47031.87;46682.32;46914.99;1461;1631689199999.0
2021-09-15 04:59:59.999;1631689200000.0;46915.0;47221.54;46862.4;47172.84;1213;1631692799999.0
2021-09-15 05:59:59.999;1631692800000.0;47172.84;47317.7;47013.0;47055.86;1801;1631696399999.0
2021-09-15 06:59:59.999;1631696400000.0;47055.87;47289.14;47043.07;47124.38;1522;1631699999999.0
2021-09-15 07:59:59.999;1631700000000.0;47124.39;47699.0;47114.76;47605.35;2974;1631703599999.0
2021-09-15 08:59:59.999;1631703600000.0;47605.34;47653.99;47331.53;47560.74;2010;1631707199999.0
2021-09-15 09:59:59.999;1631707200000.0;47560.74;47664.98;47282.79;47397.8;1983;1631710799999.0
2021-09-15 10:59:59.999;1631710800000.0;47397.79;47839.0;47333.16;47730.61;2156;1631714399999.0
2021-09-15 11:59:59.999;1631714400000.0;47730.61;47895.0;47621.69;47860.32;2152;1631717999999.0
2021-09-15 12:59:59.999;1631718000000.0;47860.31;48370.31;47807.81;48288.0;4579;1631721599999.0
2021-09-15 13:59:59.999;1631721600000.0;48287.99;48429.87;48050.0;48056.51;2397;1631725199999.0
2021-09-15 14:59:59.999;1631725200000.0;48056.5;48257.44;47951.01;47980.67;1628;1631728799999.0
2021-09-15 15:59:59.999;1631728800000.0;47982.53;48072.65;47835.36;48029.34;1675;1631732399999.0
2021-09-15 16:59:59.999;1631732400000.0;48027.85;48144.0;47943.08;48075.44;1155;1631735999999.0
2021-09-15 17:59:59.999;1631736000000.0;48075.44;48178.98;47900.0;47918.92;1123;1631739599999.0
2021-09-15 18:59:59.999;1631739600000.0;47918.92;48250.01;47910.97;48167.62;1229;1631743199999.0
2021-09-15 19:59:59.999;1631743200000.0;48167.61;48299.99;47983.31;48278.39;741;1631746799999.0
2021-09-15 20:59:59.999;1631746800000.0;48278.38;48500.0;48009.48;48121.41;1953;1631750399999.0
2021-09-15 21:59:59.999;1631750400000.0;48121.4;48192.06;47841.5;47893.46;1520;1631753999999.0
2021-09-15 22:59:59.999;1631754000000.0;47893.46;48077.51;47830.07;47970.16;1121;1631757599999.0
2021-09-15 23:59:59.999;1631757600000.0;47970.16;48088.0;47712.01;47915.97;1144;1631761199999.0
2021-09-16 00:59:59.999;1631761200000.0;47915.98;47941.05;47337.58;47615.08;2620;1631764799999.0
2021-09-16 01:59:59.999;1631764800000.0;47615.07;48557.0;47583.11;48286.99;3264;1631768399999.0
2021-09-16 02:59:59.999;1631768400000.0;48287.0;48374.08;48176.29;48261.89;1252;1631771999999.0
2021-09-16 03:59:59.999;1631772000000.0;48261.9;48444.0;48251.67;48356.7;1312;1631775599999.0
2021-09-16 04:59:59.999;1631775600000.0;48356.69;48500.0;48327.54;48343.52;1446;1631779199999.0
2021-09-16 05:59:59.999;1631779200000.0;48343.52;48356.01;48014.61;48083.19;1722;1631782799999.0
2021-09-16 06:59:59.999;1631782800000.0;48083.19;48276.41;47839.24;47905.98;1401;1631786399999.0
2021-09-16 07:59:59.999;1631786400000.0;47905.98;48050.0;47623.0;47822.45;1787;1631789999999.0
2021-09-16 08:59:59.999;1631790000000.0;47822.44;48045.77;47734.55;47895.01;1315;1631793599999.0
2021-09-16 09:59:59.999;1631793600000.0;47895.01;48165.0;47743.52;48037.0;1834;1631797199999.0
2021-09-16 10:59:59.999;1631797200000.0;48037.0;48097.03;47449.05;47454.55;2462;1631800799999.0
2021-09-16 11:59:59.999;1631800800000.0;47458.7;47715.0;47211.35;47588.84;2860;1631804399999.0
2021-09-16 12:59:59.999;1631804400000.0;47588.83;48226.38;47416.7;48020.24;2544;1631807999999.0
2021-09-16 13:59:59.999;1631808000000.0;48020.24;48166.66;47916.39;47950.0;1481;1631811599999.0
2021-09-16 14:59:59.999;1631811600000.0;47950.01;48030.0;47368.08;47397.43;1692;1631815199999.0
2021-09-16 15:59:59.999;1631815200000.0;47397.43;47655.99;47269.0;47655.99;1714;1631818799999.0
2021-09-16 16:59:59.999;1631818800000.0;47655.99;47736.0;47420.36;47430.01;953;1631822399999.0
2021-09-16 17:59:59.999;1631822400000.0;47430.0;47537.25;47021.1;47146.62;2233;1631825999999.0
2021-09-16 18:59:59.999;1631826000000.0;47146.62;47690.11;47085.57;47669.5;1373;1631829599999.0
2021-09-16 19:59:59.999;1631829600000.0;47669.51;47774.89;47524.92;47638.42;793;1631833199999.0
2021-09-16 20:59:59.999;1631833200000.0;47638.41;47942.41;47575.15;47737.82;870;1631836799999.0
2021-09-16 21:59:59.999;1631836800000.0;47737.81;47880.0;47499.04;47499.99;1128;1631840399999.0
2021-09-16 22:59:59.999;1631840400000.0;47499.99;48094.26;47450.44;48028.01;1699;1631843999999.0
2021-09-16 23:59:59.999;1631844000000.0;48028.02;48076.43;47728.0;47744.27;830;1631847599999.0
2021-09-17 00:59:59.999;1631847600000.0;47744.27;48069.99;47715.35;47899.83;833;1631851199999.0
2021-09-17 01:59:59.999;1631851200000.0;47899.83;48132.82;47741.66;48071.87;1227;1631854799999.0
2021-09-17 02:59:59.999;1631854800000.0;48071.14;48150.0;47940.12;48044.84;977;1631858399999.0
2021-09-17 03:59:59.999;1631858400000.0;48040.18;48099.62;47809.84;48057.62;1238;1631861999999.0
2021-09-17 04:59:59.999;1631862000000.0;48057.62;48130.0;47652.51;47719.73;1271;1631865599999.0
2021-09-17 05:59:59.999;1631865600000.0;47719.73;47986.78;47644.36;47915.56;1242;1631869199999.0
2021-09-17 06:59:59.999;1631869200000.0;47915.57;47989.2;47700.0;47720.99;1332;1631872799999.0
2021-09-17 07:59:59.999;1631872800000.0;47721.0;47782.24;47324.87;47454.4;2501;1631876399999.0
2021-09-17 08:59:59.999;1631876400000.0;47454.4;47789.87;47278.9;47403.56;2191;1631879999999.0
2021-09-17 09:59:59.999;1631880000000.0;47403.56;47529.35;47222.13;47464.92;2007;1631883599999.0
2021-09-17 10:59:59.999;1631883600000.0;47464.92;47464.92;47126.1;47240.34;1559;1631887199999.0
2021-09-17 11:59:59.999;1631887200000.0;47240.33;47563.98;47214.93;47489.37;1224;1631890799999.0
2021-09-17 12:59:59.999;1631890800000.0;47489.36;47656.35;47425.85;47527.52;1086;1631894399999.0
2021-09-17 13:59:59.999;1631894400000.0;47527.52;47730.0;47353.69;47619.14;1270;1631897999999.0
2021-09-17 14:59:59.999;1631898000000.0;47619.15;47672.41;47213.0;47247.38;860;1631901599999.0
2021-09-17 15:59:59.999;1631901600000.0;47247.39;47333.05;46750.47;47195.51;3086;1631905199999.0
2021-09-17 16:59:59.999;1631905200000.0;47195.5;47543.0;47073.26;47501.68;1108;1631908799999.0
2021-09-17 17:59:59.999;1631908800000.0;47501.68;47578.94;46966.0;46970.96;1201;1631912399999.0
2021-09-17 18:59:59.999;1631912400000.0;46970.96;47285.13;46699.56;47269.29;2007;1631915999999.0
2021-09-17 19:59:59.999;1631916000000.0;47269.28;47440.01;46913.51;46968.29;1671;1631919599999.0
2021-09-17 20:59:59.999;1631919600000.0;46968.29;47312.24;46889.05;47299.98;904;1631923199999.0
2021-09-17 21:59:59.999;1631923200000.0;47299.98;47382.23;47035.56;47382.22;1082;1631926799999.0
2021-09-17 22:59:59.999;1631926800000.0;47382.23;47688.0;47329.41;47597.33;1404;1631930399999.0
2021-09-17 23:59:59.999;1631930400000.0;47597.34;47689.89;47529.69;47651.48;858;1631933999999.0
2021-09-18 00:59:59.999;1631934000000.0;47651.47;47987.49;47651.47;47924.57;1218;1631937599999.0
2021-09-18 01:59:59.999;1631937600000.0;47924.57;48339.0;47919.91;48329.3;2144;1631941199999.0
2021-09-18 02:59:59.999;1631941200000.0;48329.3;48843.2;48283.27;48678.99;3815;1631944799999.0
2021-09-18 03:59:59.999;1631944800000.0;48682.03;48767.33;48496.45;48590.87;1735;1631948399999.0
2021-09-18 04:59:59.999;1631948400000.0;48590.87;48730.0;48502.68;48622.01;1153;1631951999999.0
2021-09-18 05:59:59.999;1631952000000.0;48622.01;48765.43;48571.27;48656.62;1291;1631955599999.0
2021-09-18 06:59:59.999;1631955600000.0;48656.62;48824.54;48505.0;48613.88;1097;1631959199999.0
2021-09-18 07:59:59.999;1631959200000.0;48613.88;48697.13;48547.52;48582.57;798;1631962799999.0
2021-09-18 08:59:59.999;1631962800000.0;48582.56;48645.94;48315.0;48367.16;1160;1631966399999.0
2021-09-18 09:59:59.999;1631966400000.0;48367.16;48680.0;48249.88;48360.0;1490;1631969999999.0
2021-09-18 10:59:59.999;1631970000000.0;48360.0;48544.63;48313.74;48447.0;852;1631973599999.0
2021-09-18 11:59:59.999;1631973600000.0;48447.01;48520.01;48368.15;48474.0;958;1631977199999.0
2021-09-18 12:59:59.999;1631977200000.0;48474.0;48540.0;48249.16;48414.99;920;1631980799999.0
2021-09-18 13:59:59.999;1631980800000.0;48414.99;48518.99;48155.1;48198.37;1210;1631984399999.0
2021-09-18 14:59:59.999;1631984400000.0;48198.36;48371.82;48093.28;48333.02;1025;1631987999999.0
2021-09-18 15:59:59.999;1631988000000.0;48333.02;48421.57;48222.27;48296.05;989;1631991599999.0
2021-09-18 16:59:59.999;1631991600000.0;48296.05;48296.06;48062.63;48266.0;939;1631995199999.0
2021-09-18 17:59:59.999;1631995200000.0;48266.0;48269.71;47800.51;47974.02;1841;1631998799999.0
2021-09-18 18:59:59.999;1631998800000.0;47974.02;48100.0;47859.59;47874.92;764;1632002399999.0
2021-09-18 19:59:59.999;1632002400000.0;47874.91;48084.18;47830.08;48038.33;768;1632005999999.0
2021-09-18 20:59:59.999;1632006000000.0;48038.34;48369.37;47950.56;48292.74;1384;1632009599999.0
2021-09-18 21:59:59.999;1632009600000.0;48292.75;48372.83;47899.99;47932.01;1421;1632013199999.0
2021-09-18 22:59:59.999;1632013200000.0;47932.0;47932.01;47591.83;47872.86;1564;1632016799999.0
2021-09-18 23:59:59.999;1632016800000.0;47872.86;48015.25;47763.86;48007.06;723;1632020399999.0
2021-09-19 00:59:59.999;1632020400000.0;48007.06;48040.0;47780.81;47844.88;461;1632023999999.0
2021-09-19 01:59:59.999;1632024000000.0;47844.88;48035.99;47763.85;47846.11;704;1632027599999.0
2021-09-19 02:59:59.999;1632027600000.0;47846.12;48024.64;47763.87;48003.63;618;1632031199999.0
2021-09-19 03:59:59.999;1632031200000.0;48003.63;48140.02;47880.72;48129.12;937;1632034799999.0
2021-09-19 04:59:59.999;1632034800000.0;48129.12;48218.97;47924.97;48157.7;857;1632038399999.0
2021-09-19 05:59:59.999;1632038400000.0;48157.7;48315.78;48131.46;48259.7;1067;1632041999999.0
2021-09-19 06:59:59.999;1632042000000.0;48259.71;48333.0;48070.0;48117.19;913;1632045599999.0
2021-09-19 07:59:59.999;1632045600000.0;48117.19;48175.77;48050.0;48061.89;860;1632049199999.0
2021-09-19 08:59:59.999;1632049200000.0;48061.89;48076.57;47180.32;47327.73;3154;1632052799999.0
2021-09-19 09:59:59.999;1632052800000.0;47327.73;47442.5;47069.01;47274.52;2390;1632056399999.0
2021-09-19 10:59:59.999;1632056400000.0;47274.53;47392.72;47200.76;47325.46;1001;1632059999999.0
2021-09-19 11:59:59.999;1632060000000.0;47322.11;47710.0;47258.88;47580.0;1938;1632063599999.0
2021-09-19 12:59:59.999;1632063600000.0;47580.0;47770.0;47525.0;47646.72;1015;1632067199999.0
2021-09-19 13:59:59.999;1632067200000.0;47646.71;47726.27;47487.74;47544.91;1432;1632070799999.0
2021-09-19 14:59:59.999;1632070800000.0;47544.91;47655.0;47287.91;47359.99;1412;1632074399999.0
2021-09-19 15:59:59.999;1632074400000.0;47359.99;47785.0;47291.66;47659.39;1325;1632077999999.0
2021-09-19 16:59:59.999;1632078000000.0;47659.4;47749.99;47339.27;47376.72;1208;1632081599999.0
2021-09-19 17:59:59.999;1632081600000.0;47376.72;47607.79;47260.0;47594.67;889;1632085199999.0
2021-09-19 18:59:59.999;1632085200000.0;47594.66;47666.01;47354.39;47457.0;636;1632088799999.0
2021-09-19 19:59:59.999;1632088800000.0;47457.0;47607.8;46829.18;47042.94;2371;1632092399999.0
2021-09-19 20:59:59.999;1632092400000.0;47042.93;47369.59;46973.18;47241.75;940;1632095999999.0
2021-09-19 21:59:59.999;1632096000000.0;47241.75;47347.25;46750.43;46977.98;2097;1632099599999.0
2021-09-19 22:59:59.999;1632099600000.0;46978.86;47312.93;46909.01;47220.79;926;1632103199999.0
2021-09-19 23:59:59.999;1632103200000.0;47220.79;47261.51;45811.0;45938.37;4464;1632106799999.0
2021-09-20 00:59:59.999;1632106800000.0;45946.06;46076.72;45100.0;45542.76;4195;1632110399999.0
2021-09-20 01:59:59.999;1632110400000.0;45542.75;45776.14;45338.36;45650.45;2093;1632113999999.0
2021-09-20 02:59:59.999;1632114000000.0;45650.44;45836.85;45606.77;45724.73;1236;1632117599999.0
2021-09-20 03:59:59.999;1632117600000.0;45724.73;45796.97;45444.44;45638.93;1410;1632121199999.0
2021-09-20 04:59:59.999;1632121200000.0;45638.93;45799.78;44444.0;44824.89;4838;1632124799999.0
2021-09-20 05:59:59.999;1632124800000.0;44830.01;45156.33;44662.14;45046.55;2150;1632128399999.0
2021-09-20 06:59:59.999;1632128400000.0;45049.85;45189.82;44753.18;44844.02;1448;1632131999999.0
2021-09-20 07:59:59.999;1632132000000.0;44844.01;45295.0;44265.9;44585.33;4593;1632135599999.0
2021-09-20 08:59:59.999;1632135600000.0;44585.32;44625.78;43240.33;43739.75;7054;1632139199999.0
2021-09-20 09:59:59.999;1632139200000.0;43734.0;44050.0;42500.0;43532.0;10019;1632142799999.0
2021-09-20 10:59:59.999;1632142800000.0;43532.0;44135.0;43135.68;44054.65;5676;1632146399999.0
2021-09-20 11:59:59.999;1632146400000.0;44054.64;44134.47;43693.97;43807.99;3381;1632149999999.0
2021-09-20 12:59:59.999;1632150000000.0;43807.99;44013.15;43435.0;43844.88;2996;1632153599999.0
2021-09-20 13:59:59.999;1632153600000.0;43844.88;44100.0;43557.87;43850.46;2392;1632157199999.0
2021-09-20 14:59:59.999;1632157200000.0;43850.45;44250.0;43726.83;44044.12;1405;1632160799999.0
2021-09-20 15:59:59.999;1632160800000.0;44044.11;44120.91;43224.0;43406.62;2697;1632164399999.0
2021-09-20 16:59:59.999;1632164400000.0;43406.61;43951.82;42888.0;43850.25;4181;1632167999999.0
2021-09-20 17:59:59.999;1632168000000.0;43850.26;43968.67;43215.0;43540.38;1786;1632171599999.0
2021-09-20 18:59:59.999;1632171600000.0;43545.85;43913.83;43426.62;43516.86;1184;1632175199999.0
2021-09-20 19:59:59.999;1632175200000.0;43516.87;43940.0;43043.16;43343.03;2070;1632178799999.0
2021-09-20 20:59:59.999;1632178800000.0;43343.02;43640.0;42551.11;43015.62;3700;1632182399999.0
2021-09-20 21:59:59.999;1632182400000.0;43016.64;43038.18;40200.0;41666.69;12146;1632185999999.0
2021-09-20 22:59:59.999;1632186000000.0;41666.68;42824.0;41554.09;42762.58;3673;1632189599999.0
2021-09-20 23:59:59.999;1632189600000.0;42762.57;43111.0;42516.06;42900.0;2838;1632193199999.0
2021-09-21 00:59:59.999;1632193200000.0;42900.01;42971.14;42574.53;42683.01;1706;1632196799999.0
2021-09-21 01:59:59.999;1632196800000.0;42683.02;42890.76;42306.9;42433.08;2188;1632200399999.0
2021-09-21 02:59:59.999;1632200400000.0;42433.09;42750.28;42172.24;42564.99;1894;1632203999999.0
2021-09-21 03:59:59.999;1632204000000.0;42565.0;43076.99;42556.03;42894.7;2010;1632207599999.0
2021-09-21 04:59:59.999;1632207600000.0;42894.71;43340.0;42750.0;43301.07;2199;1632211199999.0
2021-09-21 05:59:59.999;1632211200000.0;43301.08;43477.99;43050.0;43266.17;2293;1632214799999.0
2021-09-21 06:59:59.999;1632214800000.0;43266.18;43425.92;43063.19;43149.96;1681;1632218399999.0
2021-09-21 07:59:59.999;1632218400000.0;43149.96;43639.0;43065.68;43446.17;1880;1632221999999.0
2021-09-21 08:59:59.999;1632222000000.0;43446.17;43562.95;43229.41;43288.97;1467;1632225599999.0
2021-09-21 09:59:59.999;1632225600000.0;43288.97;43550.0;43071.64;43116.0;2304;1632229199999.0
2021-09-21 10:59:59.999;1632229200000.0;43121.13;43331.23;42793.0;43131.0;2573;1632232799999.0
2021-09-21 11:59:59.999;1632232800000.0;43131.0;43169.51;42146.13;42429.75;3812;1632236399999.0
2021-09-21 12:59:59.999;1632236400000.0;42429.75;43315.0;42317.0;43072.81;2531;1632239999999.0
2021-09-21 13:59:59.999;1632240000000.0;43072.81;43295.66;42360.46;42446.3;2542;1632243599999.0
2021-09-21 14:59:59.999;1632243600000.0;42446.3;42595.0;41502.0;41691.42;4137;1632247199999.0
2021-09-21 15:59:59.999;1632247200000.0;41691.43;42831.7;41628.0;42196.41;4595;1632250799999.0
2021-09-21 16:59:59.999;1632250800000.0;42196.41;42484.47;41705.13;42013.63;2603;1632254399999.0
2021-09-21 17:59:59.999;1632254400000.0;42010.81;42331.87;40738.63;40960.32;5540;1632257999999.0
2021-09-21 18:59:59.999;1632258000000.0;40960.32;41963.44;39600.0;41379.1;8654;1632261599999.0
2021-09-21 19:59:59.999;1632261600000.0;41379.11;41650.6;40451.23;40508.13;4254;1632265199999.0
2021-09-21 20:59:59.999;1632265200000.0;40520.0;41061.75;40216.2;40734.38;5002;1632268799999.0
2021-09-21 21:59:59.999;1632268800000.0;40734.09;41487.66;40565.39;41017.29;4446;1632272399999.0
2021-09-21 22:59:59.999;1632272400000.0;41019.67;42360.0;40806.68;42199.99;4958;1632275999999.0
2021-09-21 23:59:59.999;1632276000000.0;42200.0;42288.04;41891.69;42030.0;1919;1632279599999.0
2021-09-22 00:59:59.999;1632279600000.0;42028.42;42420.75;42000.0;42052.09;2202;1632283199999.0
2021-09-22 01:59:59.999;1632283200000.0;42055.55;42215.97;41820.01;41890.0;1755;1632286799999.0
2021-09-22 02:59:59.999;1632286800000.0;41890.01;42220.0;41840.0;42018.73;1460;1632290399999.0
2021-09-22 03:59:59.999;1632290400000.0;42018.7;42369.99;41860.03;42326.66;1778;1632293999999.0
2021-09-22 04:59:59.999;1632294000000.0;42326.65;42749.4;42129.19;42540.0;2663;1632297599999.0
2021-09-22 05:59:59.999;1632297600000.0;42541.23;42618.55;42229.51;42289.81;1752;1632301199999.0
2021-09-22 06:59:59.999;1632301200000.0;42289.81;42448.7;42117.23;42389.81;1703;1632304799999.0
2021-09-22 07:59:59.999;1632304800000.0;42389.82;42499.99;41952.0;42153.04;1707;1632308399999.0
2021-09-22 08:59:59.999;1632308400000.0;42153.04;42205.0;41841.46;41928.32;1725;1632311999999.0
2021-09-22 09:59:59.999;1632312000000.0;41928.31;42240.06;41874.65;42184.75;1345;1632315599999.0
2021-09-22 10:59:59.999;1632315600000.0;42184.75;42675.46;42064.28;42372.29;2335;1632319199999.0
2021-09-22 11:59:59.999;1632319200000.0;42372.3;42596.37;42271.36;42317.02;2718;1632322799999.0
2021-09-22 12:59:59.999;1632322800000.0;42317.02;43296.0;42317.02;43222.96;4369;1632326399999.0
2021-09-22 13:59:59.999;1632326400000.0;43222.96;43465.0;43072.0;43339.0;3071;1632329999999.0
2021-09-22 14:59:59.999;1632330000000.0;43339.0;43402.05;42922.18;43128.92;2290;1632333599999.0
2021-09-22 15:59:59.999;1632333600000.0;43128.91;44000.55;42931.02;43134.05;6091;1632337199999.0
2021-09-22 16:59:59.999;1632337200000.0;43134.06;43565.57;42855.01;43384.9;2250;1632340799999.0
2021-09-22 17:59:59.999;1632340800000.0;43384.93;43540.68;43164.32;43423.01;1620;1632344399999.0
2021-09-22 18:59:59.999;1632344400000.0;43423.01;43643.89;43006.0;43247.3;1747;1632347999999.0
2021-09-22 19:59:59.999;1632348000000.0;43247.3;43567.0;43185.69;43509.39;1221;1632351599999.0
2021-09-22 20:59:59.999;1632351600000.0;43515.9;43673.42;43460.01;43543.61;1211;1632355199999.0
2021-09-22 21:59:59.999;1632355200000.0;43546.37;43853.69;43111.42;43184.37;2506;1632358799999.0
2021-09-22 22:59:59.999;1632358800000.0;43184.37;43679.99;43069.09;43627.41;1578;1632362399999.0
2021-09-22 23:59:59.999;1632362400000.0;43627.41;43800.8;43484.95;43704.43;1377;1632365999999.0
2021-09-23 00:59:59.999;1632366000000.0;43701.7;44191.42;43617.45;44074.57;2278;1632369599999.0
2021-09-23 01:59:59.999;1632369600000.0;44074.58;44296.0;44019.49;44036.52;1585;1632373199999.0
2021-09-23 02:59:59.999;1632373200000.0;44036.51;44127.27;43685.8;43891.23;1525;1632376799999.0
2021-09-23 03:59:59.999;1632376800000.0;43891.24;44386.6;43710.0;44300.32;1636;1632380399999.0
2021-09-23 04:59:59.999;1632380400000.0;44300.31;44331.83;43962.0;44229.99;1614;1632383999999.0
2021-09-23 05:59:59.999;1632384000000.0;44229.99;44297.25;43823.78;43859.73;1805;1632387599999.0
2021-09-23 06:59:59.999;1632387600000.0;43859.69;44200.0;43788.43;43985.09;1553;1632391199999.0
2021-09-23 07:59:59.999;1632391200000.0;43985.09;44150.0;43440.73;43770.59;3035;1632394799999.0
2021-09-23 08:59:59.999;1632394800000.0;43770.59;43813.56;43361.0;43648.15;1758;1632398399999.0
2021-09-23 09:59:59.999;1632398400000.0;43648.15;43933.85;43394.0;43509.0;2107;1632401999999.0
2021-09-23 10:59:59.999;1632402000000.0;43509.01;44169.05;43420.01;44022.7;2627;1632405599999.0
2021-09-23 11:59:59.999;1632405600000.0;44022.7;44258.11;43931.74;44133.0;2419;1632409199999.0
2021-09-23 12:59:59.999;1632409200000.0;44133.01;44198.4;43672.96;43747.63;1976;1632412799999.0
2021-09-23 13:59:59.999;1632412800000.0;43747.63;43896.44;43602.0;43789.24;1404;1632416399999.0
2021-09-23 14:59:59.999;1632416400000.0;43789.23;44936.77;43789.23;44817.3;5297;1632419999999.0
2021-09-23 15:59:59.999;1632420000000.0;44817.3;44915.66;44462.91;44735.46;2652;1632423599999.0
2021-09-23 16:59:59.999;1632423600000.0;44735.47;44851.07;44563.58;44767.57;1576;1632427199999.0
2021-09-23 17:59:59.999;1632427200000.0;44767.56;44820.99;44468.13;44680.01;1706;1632430799999.0
2021-09-23 18:59:59.999;1632430800000.0;44680.01;44736.3;44550.01;44665.62;1004;1632434399999.0
2021-09-23 19:59:59.999;1632434400000.0;44665.63;44978.0;44358.0;44786.35;2075;1632437999999.0
2021-09-23 20:59:59.999;1632438000000.0;44786.36;44879.05;44588.84;44865.26;1595;1632441599999.0
2021-09-23 21:59:59.999;1632441600000.0;44865.26;44978.53;44607.78;44649.99;1996;1632445199999.0
2021-09-23 22:59:59.999;1632445200000.0;44649.98;44802.6;44369.75;44460.58;1666;1632448799999.0
2021-09-23 23:59:59.999;1632448800000.0;44460.58;44563.1;44298.83;44444.43;1745;1632452399999.0
2021-09-24 00:59:59.999;1632452400000.0;44444.44;44559.99;44205.0;44283.03;1602;1632455999999.0
2021-09-24 01:59:59.999;1632456000000.0;44283.04;44385.38;44000.0;44261.63;1702;1632459599999.0
2021-09-24 02:59:59.999;1632459600000.0;44261.63;44280.78;43889.64;44210.52;2079;1632463199999.0
2021-09-24 03:59:59.999;1632463200000.0;44210.52;44449.46;44100.02;44118.14;1635;1632466799999.0
2021-09-24 04:59:59.999;1632466800000.0;44118.14;45200.0;44113.48;44818.46;4666;1632470399999.0
2021-09-24 05:59:59.999;1632470400000.0;44818.46;45075.0;44412.0;44517.29;2680;1632473999999.0
2021-09-24 06:59:59.999;1632474000000.0;44517.28;44528.95;42331.24;42350.81;13215;1632477599999.0
2021-09-24 07:59:59.999;1632477600000.0;42350.81;42694.98;41927.22;42142.54;6810;1632481199999.0
2021-09-24 08:59:59.999;1632481200000.0;42142.55;42299.0;40675.0;41527.5;10394;1632484799999.0
2021-09-24 09:59:59.999;1632484800000.0;41527.5;41628.7;40976.86;41182.76;4851;1632488399999.0
2021-09-24 10:59:59.999;1632488400000.0;41182.76;42000.0;40843.82;41830.86;6174;1632491999999.0
2021-09-24 11:59:59.999;1632492000000.0;41830.86;42679.93;41761.09;42448.12;6562;1632495599999.0
2021-09-24 12:59:59.999;1632495600000.0;42448.11;42478.49;41617.3;41944.01;3051;1632499199999.0
2021-09-24 13:59:59.999;1632499200000.0;41944.0;42370.01;41833.91;42188.51;2141;1632502799999.0
2021-09-24 14:59:59.999;1632502800000.0;42188.51;42188.52;41742.01;41992.56;1621;1632506399999.0
2021-09-24 15:59:59.999;1632506400000.0;41992.55;42321.0;41927.25;42152.07;1157;1632509999999.0
2021-09-24 16:59:59.999;1632510000000.0;42152.07;42533.47;42135.26;42371.43;1734;1632513599999.0
2021-09-24 17:59:59.999;1632513600000.0;42371.43;42979.0;42303.78;42934.52;1975;1632517199999.0
2021-09-24 18:59:59.999;1632517200000.0;42934.52;43200.0;42774.29;42911.69;1868;1632520799999.0
2021-09-24 19:59:59.999;1632520800000.0;42911.69;43093.57;42741.07;42993.13;1438;1632524399999.0
2021-09-24 20:59:59.999;1632524400000.0;42993.13;43036.86;42477.0;42810.57;1339;1632527999999.0
2021-09-24 21:59:59.999;1632528000000.0;42810.58;42950.0;42548.66;42727.89;1637;1632531599999.0
2021-09-24 22:59:59.999;1632531600000.0;42727.88;42782.57;42024.54;42392.91;2099;1632535199999.0
2021-09-24 23:59:59.999;1632535200000.0;42392.91;42738.52;42278.4;42336.36;1086;1632538799999.0
2021-09-25 00:59:59.999;1632538800000.0;42336.36;42781.62;42326.38;42608.11;1310;1632542399999.0
2021-09-25 01:59:59.999;1632542400000.0;42608.11;42860.94;42608.11;42693.01;956;1632545999999.0
2021-09-25 02:59:59.999;1632546000000.0;42693.0;42842.48;42400.0;42446.13;1160;1632549599999.0
2021-09-25 03:59:59.999;1632549600000.0;42446.09;42816.74;42435.48;42744.69;793;1632553199999.0
2021-09-25 04:59:59.999;1632553200000.0;42744.7;42785.4;42206.43;42372.02;1421;1632556799999.0
2021-09-25 05:59:59.999;1632556800000.0;42369.52;42803.4;41646.28;42642.91;4019;1632560399999.0
2021-09-25 06:59:59.999;1632560400000.0;42642.91;42899.54;42448.09;42649.29;2253;1632563999999.0
2021-09-25 07:59:59.999;1632564000000.0;42649.28;42966.84;42600.0;42679.58;1166;1632567599999.0
2021-09-25 08:59:59.999;1632567600000.0;42679.58;42683.15;42234.1;42485.03;1576;1632571199999.0
2021-09-25 09:59:59.999;1632571200000.0;42485.03;42631.79;42302.56;42344.98;1019;1632574799999.0
2021-09-25 10:59:59.999;1632574800000.0;42344.97;42765.21;42243.6;42500.02;1960;1632578399999.0
2021-09-25 11:59:59.999;1632578400000.0;42500.01;42609.99;42156.33;42343.93;1699;1632581999999.0
2021-09-25 12:59:59.999;1632582000000.0;42343.94;42765.54;42213.8;42669.96;1820;1632585599999.0
2021-09-25 13:59:59.999;1632585600000.0;42669.97;42748.26;42348.39;42629.61;1532;1632589199999.0
2021-09-25 14:59:59.999;1632589200000.0;42629.61;42717.08;42513.14;42597.56;1084;1632592799999.0
2021-09-25 15:59:59.999;1632592800000.0;42597.37;42813.34;42429.58;42581.83;1192;1632596399999.0
2021-09-25 16:59:59.999;1632596400000.0;42581.82;42774.62;42500.0;42665.95;834;1632599999999.0
2021-09-25 17:59:59.999;1632600000000.0;42665.95;42807.53;42522.11;42645.91;772;1632603599999.0
2021-09-25 18:59:59.999;1632603600000.0;42645.9;42720.0;42375.0;42676.06;887;1632607199999.0
2021-09-25 19:59:59.999;1632607200000.0;42676.06;42792.49;42574.34;42717.37;752;1632610799999.0
2021-09-25 20:59:59.999;1632610800000.0;42717.37;42808.29;42579.01;42670.64;556;1632614399999.0
2021-09-25 21:59:59.999;1632614400000.0;42670.63;42735.05;42306.77;42575.68;1644;1632617999999.0
2021-09-25 22:59:59.999;1632618000000.0;42575.67;42619.39;42117.2;42383.95;1680;1632621599999.0
2021-09-25 23:59:59.999;1632621600000.0;42383.94;42426.72;41904.02;42062.5;1835;1632625199999.0
2021-09-26 00:59:59.999;1632625200000.0;42062.5;42397.95;41924.2;42212.4;1121;1632628799999.0
2021-09-26 01:59:59.999;1632628800000.0;42212.41;42252.15;41855.0;42223.06;1214;1632632399999.0
2021-09-26 02:59:59.999;1632632400000.0;42223.05;42302.79;41968.67;42069.04;935;1632635999999.0
2021-09-26 03:59:59.999;1632636000000.0;42069.03;42184.06;41930.7;41963.14;1095;1632639599999.0
2021-09-26 04:59:59.999;1632639600000.0;41963.13;42060.0;40750.0;41231.34;5678;1632643199999.0
2021-09-26 05:59:59.999;1632643200000.0;41227.07;41691.31;41037.13;41607.53;4167;1632646799999.0
2021-09-26 06:59:59.999;1632646800000.0;41607.53;43746.9;41500.68;43251.33;7240;1632650399999.0
2021-09-26 07:59:59.999;1632650400000.0;43251.33;43489.0;42832.36;43003.37;3214;1632653999999.0
2021-09-26 08:59:59.999;1632654000000.0;43003.37;43322.02;42998.81;43063.57;1573;1632657599999.0
2021-09-26 09:59:59.999;1632657600000.0;43063.57;43467.22;43063.57;43262.2;2095;1632661199999.0
2021-09-26 10:59:59.999;1632661200000.0;43262.21;43350.0;43116.57;43217.41;1150;1632664799999.0
2021-09-26 11:59:59.999;1632664800000.0;43217.41;43399.99;43091.34;43318.36;1552;1632668399999.0
2021-09-26 12:59:59.999;1632668400000.0;43318.37;43426.0;43194.19;43343.73;2037;1632671999999.0
2021-09-26 13:59:59.999;1632672000000.0;43343.73;43543.99;43136.36;43214.15;1577;1632675599999.0
2021-09-26 14:59:59.999;1632675600000.0;43220.32;43300.57;43078.33;43145.0;2126;1632679199999.0
2021-09-26 15:59:59.999;1632679200000.0;43145.0;43284.0;43136.64;43190.81;564;1632682799999.0
2021-09-26 16:59:59.999;1632682800000.0;43190.82;43433.99;43124.26;43252.54;793;1632686399999.0
2021-09-26 17:59:59.999;1632686400000.0;43255.32;43699.0;43255.32;43640.1;1555;1632689999999.0
2021-09-26 18:59:59.999;1632690000000.0;43640.11;43692.0;43356.51;43563.89;726;1632693599999.0
2021-09-26 19:59:59.999;1632693600000.0;43563.9;43950.0;42785.25;42894.49;2138;1632697199999.0
2021-09-26 20:59:59.999;1632697200000.0;42894.5;43253.77;42673.67;43160.9;2160;1632700799999.0
2021-09-26 21:59:59.999;1632700800000.0;43160.9;43968.0;42933.0;43872.24;2273;1632704399999.0
2021-09-26 22:59:59.999;1632704400000.0;43872.24;44303.5;43711.0;44271.66;2518;1632707999999.0
2021-09-26 23:59:59.999;1632708000000.0;44273.4;44350.0;43961.99;44174.13;1721;1632711599999.0
2021-09-27 00:59:59.999;1632711600000.0;44174.13;44235.49;43843.12;44038.75;1118;1632715199999.0
2021-09-27 01:59:59.999;1632715200000.0;44038.74;44081.49;43900.36;44013.08;935;1632718799999.0
2021-09-27 02:59:59.999;1632718800000.0;44013.08;44250.0;43972.18;44085.89;1184;1632722399999.0
2021-09-27 03:59:59.999;1632722400000.0;44085.89;44215.55;43678.58;43728.35;1438;1632725999999.0
2021-09-27 04:59:59.999;1632726000000.0;43728.35;43932.97;43662.0;43688.03;1483;1632729599999.0
2021-09-27 05:59:59.999;1632729600000.0;43685.34;43892.32;43662.0;43836.2;1406;1632733199999.0
2021-09-27 06:59:59.999;1632733200000.0;43836.21;44129.28;43367.57;43556.97;2359;1632736799999.0
2021-09-27 07:59:59.999;1632736800000.0;43556.97;43958.0;43510.1;43772.19;1387;1632740399999.0
2021-09-27 08:59:59.999;1632740400000.0;43772.19;43863.85;43550.0;43747.69;1159;1632743999999.0
2021-09-27 09:59:59.999;1632744000000.0;43747.68;43831.22;43260.75;43544.33;1958;1632747599999.0
2021-09-27 10:59:59.999;1632747600000.0;43544.33;43668.89;43320.59;43508.48;1249;1632751199999.0
2021-09-27 11:59:59.999;1632751200000.0;43508.48;44089.75;43083.74;43192.38;2722;1632754799999.0
2021-09-27 12:59:59.999;1632754800000.0;43192.39;43336.22;43045.53;43293.26;2166;1632758399999.0
2021-09-27 13:59:59.999;1632758400000.0;43293.27;43416.42;42850.0;43066.16;2579;1632761999999.0
2021-09-27 14:59:59.999;1632762000000.0;43066.16;43240.01;42923.52;43049.47;1279;1632765599999.0
2021-09-27 15:59:59.999;1632765600000.0;43049.46;43213.32;42940.01;43033.61;1087;1632769199999.0
2021-09-27 16:59:59.999;1632769200000.0;43033.61;43193.93;42947.73;43011.82;1096;1632772799999.0
2021-09-27 17:59:59.999;1632772800000.0;43011.82;43013.99;42564.32;42675.71;1865;1632776399999.0
2021-09-27 18:59:59.999;1632776400000.0;42675.7;43160.86;42578.56;43069.98;946;1632779999999.0
2021-09-27 19:59:59.999;1632780000000.0;43070.3;43400.0;42983.61;43163.66;1147;1632783599999.0
2021-09-27 20:59:59.999;1632783600000.0;43163.67;43234.16;42098.0;42147.35;2690;1632787199999.0
2021-09-27 21:59:59.999;1632787200000.0;42147.35;42434.54;41942.0;42333.0;2023;1632790799999.0
2021-09-27 22:59:59.999;1632790800000.0;42333.0;42548.69;42078.63;42459.91;1477;1632794399999.0
2021-09-27 23:59:59.999;1632794400000.0;42459.92;42670.17;42242.93;42433.06;1448;1632797999999.0
2021-09-28 00:59:59.999;1632798000000.0;42433.05;42703.65;42375.55;42558.4;1186;1632801599999.0
2021-09-28 01:59:59.999;1632801600000.0;42558.41;42787.38;42505.0;42635.84;1021;1632805199999.0
2021-09-28 02:59:59.999;1632805200000.0;42634.84;42722.3;42347.2;42413.06;1495;1632808799999.0
2021-09-28 03:59:59.999;1632808800000.0;42413.07;42490.95;41855.99;42214.35;1739;1632812399999.0
2021-09-28 04:59:59.999;1632812400000.0;42214.35;42303.34;41650.0;41775.25;2331;1632815999999.0
2021-09-28 05:59:59.999;1632816000000.0;41777.79;42081.74;41514.12;41844.31;3176;1632819599999.0
2021-09-28 06:59:59.999;1632819600000.0;41844.32;42140.0;41656.0;41891.99;1859;1632823199999.0
2021-09-28 07:59:59.999;1632823200000.0;41891.99;41947.49;41620.35;41820.67;1459;1632826799999.0
2021-09-28 08:59:59.999;1632826800000.0;41820.67;42174.26;41716.56;42101.49;1893;1632830399999.0
2021-09-28 09:59:59.999;1632830400000.0;42105.61;42132.35;41754.0;41827.41;1368;1632833999999.0
2021-09-28 10:59:59.999;1632834000000.0;41830.96;42593.69;41792.0;41999.96;3776;1632837599999.0
2021-09-28 11:59:59.999;1632837600000.0;41999.95;41999.95;41278.49;41543.63;3880;1632841199999.0
2021-09-28 12:59:59.999;1632841200000.0;41543.63;41678.98;41317.0;41447.18;1846;1632844799999.0
2021-09-28 13:59:59.999;1632844800000.0;41447.18;41644.32;41137.77;41262.0;1789;1632848399999.0
2021-09-28 14:59:59.999;1632848400000.0;41262.0;41458.42;41115.0;41404.41;1695;1632851999999.0
2021-09-28 15:59:59.999;1632852000000.0;41404.96;41750.0;41270.5;41578.38;1548;1632855599999.0
2021-09-28 16:59:59.999;1632855600000.0;41578.38;41763.97;41380.74;41601.99;1211;1632859199999.0
2021-09-28 17:59:59.999;1632859200000.0;41601.8;42017.33;41574.07;41770.75;1492;1632862799999.0
2021-09-28 18:59:59.999;1632862800000.0;41770.75;41992.99;41762.37;41851.86;702;1632866399999.0
2021-09-28 19:59:59.999;1632866400000.0;41851.86;41864.19;41556.96;41574.51;871;1632869999999.0
2021-09-28 20:59:59.999;1632870000000.0;41574.51;41691.85;40888.0;41026.54;2076;1632873599999.0
2021-09-28 21:59:59.999;1632873600000.0;41025.01;41760.0;40753.88;41596.2;2974;1632877199999.0
2021-09-28 22:59:59.999;1632877200000.0;41596.21;41850.3;41334.0;41551.15;1498;1632880799999.0
2021-09-28 23:59:59.999;1632880800000.0;41551.15;41897.98;41544.37;41701.8;1333;1632884399999.0
2021-09-29 00:59:59.999;1632884400000.0;41701.81;42274.76;41620.0;42199.99;1739;1632887999999.0
2021-09-29 01:59:59.999;1632888000000.0;42199.99;42476.26;42136.99;42245.8;1725;1632891599999.0
2021-09-29 02:59:59.999;1632891600000.0;42245.79;42300.38;42000.0;42300.38;1069;1632895199999.0
2021-09-29 03:59:59.999;1632895200000.0;42300.37;42456.39;42129.62;42450.25;1075;1632898799999.0
2021-09-29 06:59:59.999;1632906000000.0;42442.0;42442.02;42000.0;42252.57;1181;1632909599999.0
2021-09-29 07:59:59.999;1632909600000.0;42252.57;42500.0;42129.63;42431.93;1558;1632913199999.0
2021-09-29 08:59:59.999;1632913200000.0;42431.93;42458.79;42228.1;42399.98;1279;1632916799999.0
2021-09-29 09:59:59.999;1632916800000.0;42399.98;42590.0;41856.21;42050.31;2248;1632920399999.0
2021-09-29 10:59:59.999;1632920400000.0;42050.31;42190.0;41900.0;42144.48;1813;1632923999999.0
2021-09-29 11:59:59.999;1632924000000.0;42144.47;42263.94;42041.7;42219.12;1252;1632927599999.0
2021-09-29 12:59:59.999;1632927600000.0;42219.12;42249.99;41619.99;41698.98;2110;1632931199999.0
2021-09-29 13:59:59.999;1632931200000.0;41698.97;41824.01;41416.71;41497.31;1909;1632934799999.0
2021-09-29 14:59:59.999;1632934800000.0;41497.31;41582.28;41200.01;41219.72;1255;1632938399999.0
2021-09-29 15:59:59.999;1632938400000.0;41219.72;41499.99;41052.4;41306.78;1691;1632941999999.0
2021-09-29 16:59:59.999;1632942000000.0;41306.78;41509.5;41151.04;41207.86;1051;1632945599999.0
2021-09-29 17:59:59.999;1632945600000.0;41207.87;41278.96;40900.0;41128.88;1885;1632949199999.0
2021-09-29 18:59:59.999;1632949200000.0;41128.88;41300.0;40956.06;41236.0;953;1632952799999.0
2021-09-29 19:59:59.999;1632952800000.0;41236.0;41465.0;41071.29;41360.36;1088;1632956399999.0
2021-09-29 20:59:59.999;1632956400000.0;41360.36;41580.67;41296.3;41524.28;816;1632959999999.0
2021-09-29 21:59:59.999;1632960000000.0;41524.29;42420.37;41410.17;42329.41;2272;1632963599999.0
2021-09-29 22:59:59.999;1632963600000.0;42328.2;43196.96;42250.99;42965.41;3502;1632967199999.0
2021-09-29 23:59:59.999;1632967200000.0;42965.41;43424.19;42910.1;43407.83;2265;1632970799999.0
2021-09-30 00:59:59.999;1632970800000.0;43407.83;43729.68;43135.09;43591.23;2660;1632974399999.0
2021-09-30 01:59:59.999;1632974400000.0;43591.24;43830.0;43432.82;43506.61;1898;1632977999999.0
2021-09-30 02:59:59.999;1632978000000.0;43506.65;43705.44;43438.72;43516.52;1236;1632981599999.0
2021-09-30 03:59:59.999;1632981600000.0;43516.51;43680.0;43362.51;43371.92;1259;1632985199999.0
2021-09-30 04:59:59.999;1632985200000.0;43371.92;43449.99;43217.16;43286.88;1501;1632988799999.0
2021-09-30 05:59:59.999;1632988800000.0;43286.88;43446.77;42784.83;43062.03;3064;1632992399999.0
2021-09-30 06:59:59.999;1632992400000.0;43062.02;43307.85;42975.36;43147.37;1481;1632995999999.0
2021-09-30 07:59:59.999;1632996000000.0;43147.37;43298.36;42697.01;42826.78;1636;1632999599999.0
2021-09-30 08:59:59.999;1632999600000.0;42826.78;43127.97;42767.74;43072.29;1204;1633003199999.0
2021-09-30 09:59:59.999;1633003200000.0;43072.29;43777.0;43006.78;43419.53;3134;1633006799999.0
2021-09-30 10:59:59.999;1633006800000.0;43419.54;43580.0;43066.17;43081.77;2273;1633010399999.0
2021-09-30 11:59:59.999;1633010400000.0;43081.77;43208.51;42850.0;43118.64;2090;1633013999999.0
2021-09-30 12:59:59.999;1633014000000.0;43118.64;43499.0;42935.66;43149.02;2090;1633017599999.0
2021-09-30 13:59:59.999;1633017600000.0;43149.02;43218.0;42819.86;42950.67;1602;1633021199999.0
2021-09-30 14:59:59.999;1633021200000.0;42950.66;43400.0;42906.69;43333.12;1992;1633024799999.0
2021-09-30 15:59:59.999;1633024800000.0;43333.12;44044.23;43261.84;43994.08;3022;1633028399999.0
2021-09-30 16:59:59.999;1633028400000.0;43994.08;44141.37;43525.0;43532.31;1916;1633031999999.0
2021-09-30 17:59:59.999;1633032000000.0;43532.32;43772.47;43100.0;43435.08;1425;1633035599999.0
2021-09-30 18:59:59.999;1633035600000.0;43436.56;43799.93;43375.1;43754.0;920;1633039199999.0
2021-09-30 19:59:59.999;1633039200000.0;43754.0;43915.89;43631.14;43741.7;1044;1633042799999.0
2021-09-30 20:59:59.999;1633042800000.0;43741.69;43900.0;43590.0;43824.1;883;1633046399999.0
2021-09-30 21:59:59.999;1633046400000.0;43820.01;44059.0;43661.63;43694.48;2001;1633049999999.0
2021-09-30 22:59:59.999;1633050000000.0;43696.14;43803.94;43417.61;43742.74;1292;1633053599999.0
2021-09-30 23:59:59.999;1633053600000.0;43742.74;43794.89;43283.03;43379.01;1348;1633057199999.0
2021-10-01 00:59:59.999;1633057200000.0;43379.0;43680.0;43352.28;43635.79;993;1633060799999.0
2021-10-01 01:59:59.999;1633060800000.0;43635.79;43715.71;43456.46;43625.02;982;1633064399999.0
2021-10-01 02:59:59.999;1633064400000.0;43625.02;43923.21;43515.61;43850.33;1190;1633067999999.0
2021-10-01 03:59:59.999;1633068000000.0;43850.32;44048.56;43729.0;43995.09;1537;1633071599999.0
2021-10-01 04:59:59.999;1633071600000.0;43995.1;44836.0;43916.26;44788.42;4789;1633075199999.0
2021-10-01 05:59:59.999;1633075200000.0;44788.42;44999.0;44700.0;44945.8;2953;1633078799999.0
2021-10-01 06:59:59.999;1633078800000.0;44945.81;45000.0;44767.29;44906.0;1809;1633082399999.0
2021-10-01 07:59:59.999;1633082400000.0;44905.99;47786.7;44829.4;47081.46;12252;1633085999999.0
2021-10-01 08:59:59.999;1633086000000.0;47081.47;47659.32;46957.48;47488.08;4669;1633089599999.0
2021-10-01 09:59:59.999;1633089600000.0;47488.07;47886.11;47170.23;47214.37;5156;1633093199999.0
2021-10-01 10:59:59.999;1633093200000.0;47214.37;47379.99;46957.14;46980.94;2595;1633096799999.0
2021-10-01 11:59:59.999;1633096800000.0;46980.94;47347.53;46763.68;47130.0;3479;1633100399999.0
2021-10-01 12:59:59.999;1633100400000.0;47133.67;47490.71;47039.94;47363.68;3517;1633103999999.0
2021-10-01 13:59:59.999;1633104000000.0;47363.69;47850.0;47232.98;47559.88;2884;1633107599999.0
2021-10-01 14:59:59.999;1633107600000.0;47566.0;47700.0;47397.01;47617.29;1433;1633111199999.0
2021-10-01 15:59:59.999;1633111200000.0;47617.29;47928.0;47437.86;47724.18;1810;1633114799999.0
2021-10-01 16:59:59.999;1633114800000.0;47724.17;48190.0;47705.68;48030.0;2275;1633118399999.0
2021-10-01 17:59:59.999;1633118400000.0;48029.99;48183.17;47721.74;48090.42;1733;1633121999999.0
2021-10-01 18:59:59.999;1633122000000.0;48090.43;48430.0;48062.59;48344.93;2069;1633125599999.0
2021-10-01 19:59:59.999;1633125600000.0;48344.93;48495.0;47710.01;48001.0;2501;1633129199999.0
2021-10-01 20:59:59.999;1633129200000.0;48000.99;48171.37;47910.36;48141.61;967;1633132799999.0
2021-10-01 21:59:59.999;1633132800000.0;48141.6;48224.01;47610.76;47817.73;2213;1633136399999.0
2021-10-01 22:59:59.999;1633136400000.0;47817.73;48113.68;47692.51;47736.82;1408;1633139999999.0
2021-10-01 23:59:59.999;1633140000000.0;47736.81;47880.6;47634.94;47708.51;1130;1633143599999.0
2021-10-02 00:59:59.999;1633143600000.0;47708.51;47790.0;47443.98;47520.84;1385;1633147199999.0
2021-10-02 01:59:59.999;1633147200000.0;47520.84;47716.9;47430.18;47569.92;1546;1633150799999.0
2021-10-02 02:59:59.999;1633150800000.0;47569.92;47853.15;47510.18;47749.32;940;1633154399999.0
2021-10-02 03:59:59.999;1633154400000.0;47749.32;47900.0;47662.1;47801.94;907;1633157999999.0
2021-10-02 04:59:59.999;1633158000000.0;47801.94;47865.96;47705.04;47725.01;1040;1633161599999.0
2021-10-02 05:59:59.999;1633161600000.0;47725.0;47774.84;47516.56;47723.91;975;1633165199999.0
2021-10-02 06:59:59.999;1633165200000.0;47723.91;47899.01;47666.0;47708.43;822;1633168799999.0
2021-10-02 07:59:59.999;1633168800000.0;47708.44;47762.29;47530.24;47606.05;749;1633172399999.0
2021-10-02 08:59:59.999;1633172400000.0;47606.04;47734.94;47478.44;47683.45;924;1633175999999.0
2021-10-02 09:59:59.999;1633176000000.0;47683.46;47785.0;47616.8;47729.23;986;1633179599999.0
2021-10-02 10:59:59.999;1633179600000.0;47729.24;48336.59;47630.1;47825.16;3093;1633183199999.0
2021-10-02 11:59:59.999;1633183200000.0;47825.17;48123.44;47790.43;48019.26;1840;1633186799999.0
2021-10-02 12:59:59.999;1633186800000.0;48019.99;48054.48;47810.0;47828.52;1161;1633190399999.0
2021-10-02 13:59:59.999;1633190400000.0;47831.94;48016.21;47650.0;48004.69;1728;1633193999999.0
2021-10-02 14:59:59.999;1633194000000.0;48004.69;48064.25;47826.19;47879.99;949;1633197599999.0
2021-10-02 15:59:59.999;1633197600000.0;47879.99;47928.35;47720.0;47864.02;904;1633201199999.0
2021-10-02 16:59:59.999;1633201200000.0;47864.01;48267.0;47864.01;48239.99;1401;1633204799999.0
2021-10-02 17:59:59.999;1633204800000.0;48240.0;48269.39;47874.98;47996.24;1146;1633208399999.0
2021-10-02 18:59:59.999;1633208400000.0;47996.24;48167.58;47988.77;48125.9;571;1633211999999.0
2021-10-02 19:59:59.999;1633212000000.0;48125.9;48300.0;48045.16;48049.34;904;1633215599999.0
2021-10-02 20:59:59.999;1633215600000.0;48049.33;48184.0;47500.0;47634.9;1773;1633219199999.0
2021-10-02 21:59:59.999;1633219200000.0;47634.89;47808.19;47088.0;47272.06;2272;1633222799999.0
2021-10-02 22:59:59.999;1633222800000.0;47274.57;47609.88;47223.27;47516.37;1187;1633226399999.0
2021-10-02 23:59:59.999;1633226400000.0;47516.38;47769.99;47500.0;47620.36;941;1633229999999.0
2021-10-03 00:59:59.999;1633230000000.0;47620.37;47963.0;47534.34;47898.66;826;1633233599999.0
2021-10-03 01:59:59.999;1633233600000.0;47894.44;47963.0;47788.34;47890.78;633;1633237199999.0
2021-10-03 02:59:59.999;1633237200000.0;47890.78;48100.0;47860.11;47990.14;735;1633240799999.0
2021-10-03 03:59:59.999;1633240800000.0;47990.13;48057.0;47896.93;47972.99;617;1633244399999.0
2021-10-03 04:59:59.999;1633244400000.0;47970.15;47970.16;47814.0;47895.99;569;1633247999999.0
2021-10-03 05:59:59.999;1633248000000.0;47896.0;47983.38;47798.5;47823.99;838;1633251599999.0
2021-10-03 06:59:59.999;1633251600000.0;47823.98;47869.0;47600.0;47830.09;1489;1633255199999.0
2021-10-03 07:59:59.999;1633255200000.0;47830.09;47953.2;47730.0;47812.32;625;1633258799999.0
2021-10-03 08:59:59.999;1633258800000.0;47812.32;48048.0;47778.05;47974.86;972;1633262399999.0
2021-10-03 09:59:59.999;1633262400000.0;47974.86;48090.0;47808.14;47964.43;804;1633265999999.0
2021-10-03 10:59:59.999;1633266000000.0;47964.44;48150.0;47841.0;48052.5;1147;1633269599999.0
2021-10-03 11:59:59.999;1633269600000.0;48052.5;48105.6;47892.99;47965.64;997;1633273199999.0
2021-10-03 12:59:59.999;1633273200000.0;47965.64;48025.31;47799.18;47879.82;1251;1633276799999.0
2021-10-03 13:59:59.999;1633276800000.0;47879.81;48067.69;47821.96;48034.99;937;1633280399999.0
2021-10-03 14:59:59.999;1633280400000.0;48034.99;49228.08;47943.09;48910.24;4172;1633283999999.0
2021-10-03 15:59:59.999;1633284000000.0;48910.23;49176.32;48541.33;48822.03;2520;1633287599999.0
2021-10-03 16:59:59.999;1633287600000.0;48822.03;48960.98;48725.0;48774.76;977;1633291199999.0
2021-10-03 17:59:59.999;1633291200000.0;48774.76;48837.88;48400.59;48425.02;1312;1633294799999.0
2021-10-03 18:59:59.999;1633294800000.0;48425.02;48455.11;47601.89;47758.21;2613;1633298399999.0
2021-10-03 19:59:59.999;1633298400000.0;47758.2;48200.0;47700.0;47984.94;1346;1633301999999.0
2021-10-03 20:59:59.999;1633302000000.0;47988.23;48320.0;47874.0;48200.01;1033;1633305599999.0
2021-10-03 21:59:59.999;1633305600000.0;48200.01;48280.71;47840.0;47860.89;1593;1633309199999.0
2021-10-03 22:59:59.999;1633309200000.0;47860.88;48181.91;47714.27;47810.39;1319;1633312799999.0
2021-10-03 23:59:59.999;1633312800000.0;47810.4;47883.91;47581.42;47678.16;1353;1633316399999.0
2021-10-04 00:59:59.999;1633316400000.0;47678.16;47798.2;47336.0;47468.79;1617;1633319999999.0
2021-10-04 01:59:59.999;1633320000000.0;47468.79;47844.1;47234.21;47751.99;1829;1633323599999.0
2021-10-04 02:59:59.999;1633323600000.0;47751.98;47865.51;47716.86;47777.05;780;1633327199999.0
2021-10-04 03:59:59.999;1633327200000.0;47777.05;47825.0;47550.77;47710.0;996;1633330799999.0
2021-10-04 04:59:59.999;1633330800000.0;47710.0;47860.63;47589.99;47838.54;972;1633334399999.0
2021-10-04 05:59:59.999;1633334400000.0;47838.54;47962.51;47471.5;47656.49;1357;1633337999999.0
2021-10-04 06:59:59.999;1633338000000.0;47656.49;47759.42;47525.0;47732.22;947;1633341599999.0
2021-10-04 07:59:59.999;1633341600000.0;47732.21;47756.1;47486.15;47626.97;982;1633345199999.0
2021-10-04 08:59:59.999;1633345200000.0;47626.01;47679.36;47352.77;47585.85;1374;1633348799999.0
2021-10-04 09:59:59.999;1633348800000.0;47585.84;47819.43;47448.39;47707.37;1400;1633352399999.0
2021-10-04 10:59:59.999;1633352400000.0;47707.37;48179.58;47667.59;48116.29;2131;1633355999999.0
2021-10-04 11:59:59.999;1633356000000.0;48113.91;48500.0;47250.0;47450.66;3994;1633359599999.0
2021-10-04 12:59:59.999;1633359600000.0;47450.66;47799.98;46891.0;47758.23;3265;1633363199999.0
2021-10-04 13:59:59.999;1633363200000.0;47758.22;48930.0;47694.41;48589.99;4379;1633366799999.0
2021-10-04 14:59:59.999;1633366800000.0;48589.99;49500.0;48203.66;49296.44;4587;1633370399999.0
2021-10-04 15:59:59.999;1633370400000.0;49296.43;49536.12;49001.25;49318.0;2584;1633373999999.0
2021-10-04 16:59:59.999;1633374000000.0;49318.0;49454.9;48904.28;49380.0;2564;1633377599999.0
2021-10-04 17:59:59.999;1633377600000.0;49380.0;49498.78;48981.24;49006.15;2193;1633381199999.0
2021-10-04 18:59:59.999;1633381200000.0;49006.14;49166.09;48556.09;48931.03;1490;1633384799999.0
2021-10-04 19:59:59.999;1633384800000.0;48931.04;49041.24;48688.83;48916.29;1065;1633388399999.0
2021-10-04 20:59:59.999;1633388400000.0;48920.79;49451.0;48895.11;49224.94;2013;1633391999999.0
2021-10-04 21:59:59.999;1633392000000.0;49224.93;49799.0;49022.4;49531.0;2874;1633395599999.0
2021-10-04 22:59:59.999;1633395600000.0;49531.0;49597.38;49163.68;49243.03;1493;1633399199999.0
2021-10-04 23:59:59.999;1633399200000.0;49243.02;49380.84;49050.36;49324.82;1259;1633402799999.0
2021-10-05 00:59:59.999;1633402800000.0;49324.82;49497.0;49123.87;49306.68;1236;1633406399999.0
2021-10-05 01:59:59.999;1633406400000.0;49306.68;49319.48;49088.0;49168.31;993;1633409999999.0
2021-10-05 02:59:59.999;1633410000000.0;49168.3;49412.88;49138.78;49325.0;1090;1633413599999.0
2021-10-05 03:59:59.999;1633413600000.0;49325.01;49473.81;49252.07;49295.92;1300;1633417199999.0
2021-10-05 04:59:59.999;1633417200000.0;49295.93;49664.14;49250.87;49476.51;1605;1633420799999.0
2021-10-05 05:59:59.999;1633420800000.0;49476.52;50000.0;49376.06;49919.99;2544;1633424399999.0
2021-10-05 06:59:59.999;1633424400000.0;49920.0;50328.0;49584.4;50269.35;3724;1633427999999.0
2021-10-05 07:59:59.999;1633428000000.0;50269.35;50350.0;49839.26;49999.99;2413;1633431599999.0
2021-10-05 08:59:59.999;1633431600000.0;49999.99;50145.88;49801.74;49877.06;1611;1633435199999.0
2021-10-05 09:59:59.999;1633435200000.0;49877.06;50110.0;49705.0;50000.0;2161;1633438799999.0
2021-10-05 10:59:59.999;1633438800000.0;50000.0;50320.0;49772.63;50207.96;2108;1633442399999.0
2021-10-05 11:59:59.999;1633442400000.0;50207.96;50388.0;49575.94;49841.79;3331;1633445999999.0
2021-10-05 12:59:59.999;1633446000000.0;49841.78;50205.21;49700.0;49793.57;2394;1633449599999.0
2021-10-05 13:59:59.999;1633449600000.0;49793.57;50115.24;49640.36;50103.85;1616;1633453199999.0
2021-10-05 14:59:59.999;1633453200000.0;50103.86;50200.0;49950.0;50146.52;1496;1633456799999.0
2021-10-05 15:59:59.999;1633456800000.0;50146.51;50777.0;50140.01;50612.44;3172;1633460399999.0
2021-10-05 16:59:59.999;1633460400000.0;50612.45;51388.0;50557.89;51190.11;4096;1633463999999.0
2021-10-05 17:59:59.999;1633464000000.0;51190.11;51773.76;51104.47;51462.29;3445;1633467599999.0
2021-10-05 18:59:59.999;1633467600000.0;51461.16;51886.3;51299.06;51718.61;2892;1633471199999.0
2021-10-05 19:59:59.999;1633471200000.0;51718.61;51775.42;51318.24;51349.86;1929;1633474799999.0
2021-10-05 20:59:59.999;1633474800000.0;51349.85;51620.37;51343.06;51471.99;1331;1633478399999.0
2021-10-05 21:59:59.999;1633478400000.0;51471.99;51539.3;51201.05;51321.61;1874;1633481999999.0
2021-10-05 22:59:59.999;1633482000000.0;51322.98;51330.96;50917.73;51278.38;1731;1633485599999.0
2021-10-05 23:59:59.999;1633485600000.0;51277.3;51591.82;51152.0;51545.56;1546;1633489199999.0
2021-10-06 00:59:59.999;1633489200000.0;51545.56;51600.0;51295.32;51513.81;1716;1633492799999.0
2021-10-06 01:59:59.999;1633492800000.0;51512.13;51593.52;51236.7;51325.83;1788;1633496399999.0
2021-10-06 02:59:59.999;1633496400000.0;51325.82;51828.0;51200.56;51512.37;3845;1633499999999.0
2021-10-06 03:59:59.999;1633500000000.0;51516.11;51736.11;51450.85;51509.98;1795;1633503599999.0
2021-10-06 04:59:59.999;1633503600000.0;51509.97;51575.1;51088.0;51449.99;2514;1633507199999.0
2021-10-06 05:59:59.999;1633507200000.0;51450.0;51500.0;50420.0;50693.51;4693;1633510799999.0
2021-10-06 06:59:59.999;1633510800000.0;50695.74;50822.0;50382.41;50700.0;3309;1633514399999.0
2021-10-06 07:59:59.999;1633514400000.0;50700.0;51478.0;50619.1;51160.35;3675;1633517999999.0
2021-10-06 08:59:59.999;1633518000000.0;51160.35;51490.0;51091.3;51306.56;2864;1633521599999.0
2021-10-06 09:59:59.999;1633521600000.0;51306.57;52829.0;51259.84;52741.68;7188;1633525199999.0
2021-10-06 10:59:59.999;1633525200000.0;52741.68;55555.0;52610.2;53997.0;13067;1633528799999.0
2021-10-06 11:59:59.999;1633528800000.0;53996.99;54550.0;53750.0;54500.4;4630;1633532399999.0
2021-10-06 12:59:59.999;1633532400000.0;54500.4;55156.97;54250.04;54984.19;4393;1633535999999.0
2021-10-06 13:59:59.999;1633536000000.0;54984.2;55054.87;54446.54;54891.32;3430;1633539599999.0
2021-10-06 14:59:59.999;1633539600000.0;54891.32;54917.9;54517.01;54581.22;2185;1633543199999.0
2021-10-06 15:59:59.999;1633543200000.0;54582.09;55109.67;54446.54;54527.82;2983;1633546799999.0
2021-10-06 16:59:59.999;1633546800000.0;54527.82;55078.01;54483.85;55049.99;2056;1633550399999.0
2021-10-06 17:59:59.999;1633550400000.0;55049.99;55386.86;54812.0;54918.24;2562;1633553999999.0
2021-10-06 18:59:59.999;1633554000000.0;54918.24;55273.83;54880.05;55075.37;1617;1633557599999.0
2021-10-06 19:59:59.999;1633557600000.0;55075.38;55280.0;54893.02;55144.72;1516;1633561199999.0
2021-10-06 20:59:59.999;1633561200000.0;55144.72;55750.0;55119.08;55315.0;2887;1633564799999.0
2021-10-06 21:59:59.999;1633564800000.0;55315.0;55332.31;54500.0;54794.88;3291;1633568399999.0
2021-10-06 22:59:59.999;1633568400000.0;54794.88;54909.19;54112.0;54787.3;2806;1633571999999.0
2021-10-06 23:59:59.999;1633572000000.0;54787.3;55230.6;54680.92;55075.56;1938;1633575599999.0
2021-10-07 00:59:59.999;1633575600000.0;55075.57;55215.67;54730.86;54810.94;1540;1633579199999.0
2021-10-07 01:59:59.999;1633579200000.0;54810.93;55237.04;54756.06;55073.2;1450;1633582799999.0
2021-10-07 02:59:59.999;1633582800000.0;55073.2;55073.21;54545.07;54735.76;2251;1633586399999.0
2021-10-07 03:59:59.999;1633586400000.0;54735.77;54968.06;54375.83;54534.16;1783;1633589999999.0
2021-10-07 04:59:59.999;1633590000000.0;54534.16;54793.26;54235.33;54755.92;4163;1633593599999.0
2021-10-07 05:59:59.999;1633593600000.0;54755.91;54778.91;54400.0;54538.3;2049;1633597199999.0
2021-10-07 06:59:59.999;1633597200000.0;54538.31;54547.3;53786.13;54300.57;4189;1633600799999.0
2021-10-07 07:59:59.999;1633600800000.0;54300.57;54432.49;53811.0;53906.62;2498;1633604399999.0
2021-10-07 08:59:59.999;1633604400000.0;53906.62;54365.3;53884.44;54305.54;1960;1633607999999.0
2021-10-07 09:59:59.999;1633608000000.0;54305.53;54361.99;53630.01;53983.13;2642;1633611599999.0
2021-10-07 10:59:59.999;1633611600000.0;53983.12;54700.0;53782.44;54567.84;2557;1633615199999.0
2021-10-07 11:59:59.999;1633615200000.0;54567.83;54685.98;53357.0;53789.59;4577;1633618799999.0
2021-10-07 12:59:59.999;1633618800000.0;53789.59;54220.29;53659.11;53899.99;2284;1633622399999.0
2021-10-07 13:59:59.999;1633622400000.0;53902.39;54330.0;53400.0;54154.72;3419;1633625999999.0
2021-10-07 14:59:59.999;1633626000000.0;54154.71;54324.88;54015.72;54165.51;1732;1633629599999.0
2021-10-07 15:59:59.999;1633629600000.0;54165.51;54225.97;53829.54;53895.9;1439;1633633199999.0
2021-10-07 16:59:59.999;1633633200000.0;53895.9;54161.82;53802.18;53962.76;1244;1633636799999.0
2021-10-07 17:59:59.999;1633636800000.0;53962.75;54324.87;53890.0;54167.17;1066;1633640399999.0
2021-10-07 18:59:59.999;1633640400000.0;54167.18;54500.0;54036.0;54275.62;1346;1633643999999.0
2021-10-07 19:59:59.999;1633644000000.0;54275.61;54640.3;53765.04;53899.39;1795;1633647599999.0
2021-10-07 20:59:59.999;1633647600000.0;53895.57;53964.8;53607.27;53785.22;889;1633651199999.0
2021-10-07 21:59:59.999;1633651200000.0;53785.22;54235.99;53711.57;54108.0;1319;1633654799999.0
2021-10-07 22:59:59.999;1633654800000.0;54108.01;54397.0;54051.1;54297.35;1107;1633658399999.0
2021-10-07 23:59:59.999;1633658400000.0;54297.35;54429.99;53776.5;53842.0;1547;1633661999999.0
2021-10-08 00:59:59.999;1633662000000.0;53842.01;53940.0;53691.02;53815.22;1401;1633665599999.0
2021-10-08 01:59:59.999;1633665600000.0;53815.21;53972.94;53766.28;53877.93;1097;1633669199999.0
2021-10-08 02:59:59.999;1633669200000.0;53877.92;54174.0;53617.61;54172.95;1644;1633672799999.0
2021-10-08 03:59:59.999;1633672800000.0;54172.94;54286.9;53999.99;54110.22;1579;1633676399999.0
2021-10-08 04:59:59.999;1633676400000.0;54110.23;54967.97;54000.0;54829.39;3718;1633679999999.0
2021-10-08 05:59:59.999;1633680000000.0;54829.38;56100.0;54753.66;55800.01;6855;1633683599999.0
2021-10-08 06:59:59.999;1633683600000.0;55800.0;56000.0;55105.0;55234.76;3003;1633687199999.0
2021-10-08 07:59:59.999;1633687200000.0;55234.76;55588.59;55182.16;55485.66;1569;1633690799999.0
2021-10-08 08:59:59.999;1633690800000.0;55485.67;55600.0;55138.18;55242.72;1832;1633694399999.0
2021-10-08 09:59:59.999;1633694400000.0;55242.71;55300.0;54506.0;54841.01;3244;1633697999999.0
2021-10-08 10:59:59.999;1633698000000.0;54841.0;54936.54;54035.25;54178.99;2812;1633701599999.0
2021-10-08 11:59:59.999;1633701600000.0;54179.0;54689.99;54135.01;54570.92;1779;1633705199999.0
2021-10-08 12:59:59.999;1633705200000.0;54570.92;54799.99;54024.84;54324.84;1964;1633708799999.0
2021-10-08 13:59:59.999;1633708800000.0;54324.83;54520.7;54042.38;54298.45;1372;1633712399999.0
2021-10-08 14:59:59.999;1633712400000.0;54298.45;54447.92;54136.64;54293.89;901;1633715999999.0
2021-10-08 15:59:59.999;1633716000000.0;54293.88;54655.59;54233.43;54501.0;1221;1633719599999.0
2021-10-08 16:59:59.999;1633719600000.0;54500.99;54700.0;54251.31;54686.48;1146;1633723199999.0
2021-10-08 17:59:59.999;1633723200000.0;54686.48;54774.35;53778.0;54001.7;1914;1633726799999.0
2021-10-08 18:59:59.999;1633726800000.0;54001.7;54331.69;53878.18;54162.2;1204;1633730399999.0
2021-10-08 19:59:59.999;1633730400000.0;54162.2;54264.0;54035.28;54060.05;860;1633733999999.0
2021-10-08 20:59:59.999;1633734000000.0;54060.05;54136.6;53775.83;53951.43;1061;1633737599999.0
2021-10-08 21:59:59.999;1633737600000.0;53955.67;54298.35;53661.67;54264.17;1621;1633741199999.0
2021-10-08 22:59:59.999;1633741200000.0;54264.16;54307.71;53849.99;54007.55;1094;1633744799999.0
2021-10-08 23:59:59.999;1633744800000.0;54007.55;54197.76;53841.41;54156.38;854;1633748399999.0
2021-10-09 00:59:59.999;1633748400000.0;54156.38;54699.0;54110.0;54560.58;1314;1633751999999.0
2021-10-09 01:59:59.999;1633752000000.0;54562.58;54730.28;54479.23;54684.62;1006;1633755599999.0
2021-10-09 02:59:59.999;1633755600000.0;54684.63;54741.09;54384.27;54597.78;865;1633759199999.0
2021-10-09 03:59:59.999;1633759200000.0;54597.78;55100.0;54590.15;54837.89;2003;1633762799999.0
2021-10-09 04:59:59.999;1633762800000.0;54837.9;55050.0;54715.75;54917.55;970;1633766399999.0
2021-10-09 05:59:59.999;1633766400000.0;54917.56;55062.11;54523.23;54728.45;1225;1633769999999.0
2021-10-09 06:59:59.999;1633770000000.0;54728.45;54919.59;54490.55;54907.45;2493;1633773599999.0
2021-10-09 07:59:59.999;1633773600000.0;54907.45;55007.97;54566.31;54888.99;2944;1633777199999.0
2021-10-09 08:59:59.999;1633777200000.0;54888.99;55340.3;54779.2;54792.68;4217;1633780799999.0
2021-10-09 09:59:59.999;1633780800000.0;54792.68;55166.44;54792.68;54979.26;3254;1633784399999.0
2021-10-09 10:59:59.999;1633784400000.0;54979.26;55489.0;54926.49;55242.2;3718;1633787999999.0
2021-10-09 11:59:59.999;1633788000000.0;55242.19;55314.2;55045.88;55136.84;3125;1633791599999.0
2021-10-09 12:59:59.999;1633791600000.0;55136.83;55177.05;54867.2;54977.29;2876;1633795199999.0
2021-10-09 13:59:59.999;1633795200000.0;54977.29;55125.0;54674.07;54801.16;3589;1633798799999.0
2021-10-09 14:59:59.999;1633798800000.0;54801.15;54945.73;54726.19;54914.05;2553;1633802399999.0
2021-10-09 15:59:59.999;1633802400000.0;54914.05;55149.96;54738.66;54900.0;3042;1633805999999.0
2021-10-09 16:59:59.999;1633806000000.0;54897.24;54964.52;54592.21;54656.81;2258;1633809599999.0
2021-10-09 17:59:59.999;1633809600000.0;54656.81;54669.59;54323.0;54663.83;2883;1633813199999.0
2021-10-09 18:59:59.999;1633813200000.0;54663.83;54863.18;54550.01;54848.94;2349;1633816799999.0
2021-10-09 19:59:59.999;1633816800000.0;54848.94;54969.12;54752.71;54896.41;2189;1633820399999.0
2021-10-09 20:59:59.999;1633820400000.0;54896.39;55165.0;54837.99;54949.72;2725;1633823999999.0
2021-10-09 21:59:59.999;1633824000000.0;54949.72;55199.0;54806.95;54905.27;3461;1633827599999.0
2021-10-09 22:59:59.999;1633827600000.0;54905.27;54953.82;54381.12;54382.83;3872;1633831199999.0
2021-10-09 23:59:59.999;1633831200000.0;54382.83;54768.78;54080.0;54633.52;3384;1633834799999.0
2021-10-10 00:59:59.999;1633834800000.0;54633.51;55178.0;54576.55;55049.15;3070;1633838399999.0
2021-10-10 01:59:59.999;1633838400000.0;55049.16;56000.0;54850.0;55873.06;5378;1633841999999.0
2021-10-10 02:59:59.999;1633842000000.0;55873.05;56074.43;55389.17;55651.73;4160;1633845599999.0
2021-10-10 03:59:59.999;1633845600000.0;55651.72;55840.0;55490.01;55607.8;3078;1633849199999.0
2021-10-10 04:59:59.999;1633849200000.0;55607.8;55766.54;55411.86;55668.81;2811;1633852799999.0
2021-10-10 05:59:59.999;1633852800000.0;55668.81;55928.0;55518.06;55564.19;3202;1633856399999.0
2021-10-10 06:59:59.999;1633856400000.0;55564.18;55591.2;54790.25;54972.3;5128;1633859999999.0
2021-10-10 07:59:59.999;1633860000000.0;54972.3;55162.0;54680.0;55007.59;3007;1633863599999.0
2021-10-10 08:59:59.999;1633863600000.0;55007.58;55306.81;54800.12;55144.99;3015;1633867199999.0
2021-10-10 09:59:59.999;1633867200000.0;55145.0;55190.11;54722.16;54941.73;2880;1633870799999.0
2021-10-10 10:59:59.999;1633870800000.0;54941.73;55320.4;54638.0;55228.59;3366;1633874399999.0
2021-10-10 11:59:59.999;1633874400000.0;55228.59;55461.48;55111.01;55122.13;2786;1633877999999.0
2021-10-10 12:59:59.999;1633878000000.0;55121.86;55551.38;54980.01;55373.01;3593;1633881599999.0
2021-10-10 13:59:59.999;1633881600000.0;55370.28;55482.9;55158.39;55471.07;2902;1633885199999.0
2021-10-10 14:59:59.999;1633885200000.0;55471.07;55485.0;55000.0;55339.28;3452;1633888799999.0
2021-10-10 15:59:59.999;1633888800000.0;55339.28;55393.56;55012.0;55312.65;2626;1633892399999.0
2021-10-10 16:59:59.999;1633892400000.0;55312.65;55523.36;55213.28;55450.25;2817;1633895999999.0
2021-10-10 17:59:59.999;1633896000000.0;55450.25;56561.31;55209.94;55429.8;8277;1633899599999.0
2021-10-10 18:59:59.999;1633899600000.0;55429.8;55442.88;54400.0;54801.07;5993;1633903199999.0
2021-10-10 19:59:59.999;1633903200000.0;54801.07;54973.74;54566.02;54913.45;3584;1633906799999.0
2021-10-10 20:59:59.999;1633906800000.0;54913.45;54945.24;54333.85;54659.0;3387;1633910399999.0
2021-10-10 21:59:59.999;1633910400000.0;54659.01;55180.0;54415.06;55159.93;3890;1633913999999.0
2021-10-10 22:59:59.999;1633914000000.0;55159.93;55637.67;55066.69;55334.02;3707;1633917599999.0
2021-10-10 23:59:59.999;1633917600000.0;55334.01;55800.0;55278.0;55799.99;1565;1633921199999.0
2021-10-11 00:59:59.999;1633921200000.0;55799.99;56750.0;55660.0;56507.09;4168;1633924799999.0
2021-10-11 01:59:59.999;1633924800000.0;56505.05;56724.04;56341.87;56460.0;2040;1633928399999.0
2021-10-11 02:59:59.999;1633928400000.0;56460.0;56589.44;56142.85;56528.93;1540;1633931999999.0
2021-10-11 03:59:59.999;1633932000000.0;56528.88;56776.51;56464.92;56678.63;1558;1633935599999.0
2021-10-11 04:59:59.999;1633935600000.0;56678.63;57049.0;56560.0;56789.76;2911;1633939199999.0
2021-10-11 05:59:59.999;1633939200000.0;56789.76;56879.95;56308.66;56555.0;2224;1633942799999.0
2021-10-11 06:59:59.999;1633942800000.0;56555.0;56748.0;56394.99;56491.79;1291;1633946399999.0
2021-10-11 07:59:59.999;1633946400000.0;56491.79;56551.84;56172.04;56177.65;1473;1633949999999.0
2021-10-11 08:59:59.999;1633950000000.0;56177.65;56657.14;55862.78;56407.51;2660;1633953599999.0
2021-10-11 09:59:59.999;1633953600000.0;56406.68;56547.0;56092.33;56462.83;1461;1633957199999.0
2021-10-11 10:59:59.999;1633957200000.0;56462.83;57429.01;56462.82;57222.78;4727;1633960799999.0
2021-10-11 11:59:59.999;1633960800000.0;57222.79;57678.0;57006.34;57447.99;3453;1633964399999.0
2021-10-11 12:59:59.999;1633964400000.0;57447.99;57597.98;57201.01;57490.18;1520;1633967999999.0
2021-10-11 13:59:59.999;1633968000000.0;57490.17;57768.36;57232.13;57280.0;2031;1633971599999.0
2021-10-11 14:59:59.999;1633971600000.0;57280.0;57562.73;57168.67;57418.99;1478;1633975199999.0
2021-10-11 15:59:59.999;1633975200000.0;57418.99;57572.74;57201.0;57343.26;1439;1633978799999.0
2021-10-11 16:59:59.999;1633978800000.0;57343.26;57839.04;57332.15;57488.33;1773;1633982399999.0
2021-10-11 17:59:59.999;1633982400000.0;57488.33;57506.84;56800.0;57327.03;3094;1633985999999.0
2021-10-11 18:59:59.999;1633986000000.0;57327.03;57400.0;56999.53;57156.54;1268;1633989599999.0
2021-10-11 19:59:59.999;1633989600000.0;57156.54;57320.37;57051.6;57170.4;844;1633993199999.0
2021-10-11 20:59:59.999;1633993200000.0;57170.4;57500.0;57075.0;57471.35;805;1633996799999.0
2021-10-11 21:59:59.999;1633996800000.0;57471.35;57471.35;56588.0;56941.7;2808;1634000399999.0
2021-10-11 22:59:59.999;1634000400000.0;56941.7;57142.52;56723.62;57064.14;987;1634003999999.0
2021-10-11 23:59:59.999;1634004000000.0;57064.14;57160.0;56640.68;56770.0;1990;1634007599999.0
2021-10-12 00:59:59.999;1634007600000.0;56769.99;56780.0;56400.0;56711.35;1875;1634011199999.0
2021-10-12 01:59:59.999;1634011200000.0;56711.36;57050.68;56558.0;56967.06;1062;1634014799999.0
2021-10-12 02:59:59.999;1634014800000.0;56967.07;57680.0;56588.05;57410.99;2362;1634018399999.0
2021-10-12 03:59:59.999;1634018400000.0;57411.0;57645.55;57050.0;57200.0;1935;1634021999999.0
2021-10-12 04:59:59.999;1634022000000.0;57199.99;57450.0;57144.66;57342.79;1212;1634025599999.0
2021-10-12 05:59:59.999;1634025600000.0;57342.79;57618.99;57243.99;57463.42;1432;1634029199999.0
2021-10-12 06:59:59.999;1634029200000.0;57463.42;57508.63;56763.93;56941.61;2151;1634032799999.0
2021-10-12 07:59:59.999;1634032800000.0;56942.66;57250.0;56680.0;57179.0;2297;1634036399999.0
2021-10-12 08:59:59.999;1634036400000.0;57179.0;57383.01;57037.51;57240.14;1212;1634039999999.0
2021-10-12 09:59:59.999;1634040000000.0;57240.14;57296.92;56777.0;56884.27;1865;1634043599999.0
2021-10-12 10:59:59.999;1634043600000.0;56884.27;57450.0;56850.99;56948.69;2998;1634047199999.0
2021-10-12 11:59:59.999;1634047200000.0;56948.7;57140.31;56091.2;56397.9;3871;1634050799999.0
2021-10-12 12:59:59.999;1634050800000.0;56397.9;56634.18;56010.0;56303.2;2492;1634054399999.0
2021-10-12 13:59:59.999;1634054400000.0;56300.66;56376.74;55745.32;55901.23;3132;1634057999999.0
2021-10-12 14:59:59.999;1634058000000.0;55900.59;56064.91;55523.25;55913.35;2878;1634061599999.0
2021-10-12 15:59:59.999;1634061600000.0;55913.36;56009.7;55556.33;55575.27;1226;1634065199999.0
2021-10-12 16:59:59.999;1634065200000.0;55575.28;55889.53;55154.72;55329.78;2006;1634068799999.0
2021-10-12 17:59:59.999;1634068800000.0;55329.78;55600.0;53879.0;55361.08;6565;1634072399999.0
2021-10-12 18:59:59.999;1634072400000.0;55361.08;56093.88;55096.42;56074.08;1832;1634075999999.0
2021-10-12 19:59:59.999;1634076000000.0;56074.09;56420.0;56030.0;56392.95;1874;1634079599999.0
2021-10-12 20:59:59.999;1634079600000.0;56392.95;56548.99;55938.6;55996.93;1398;1634083199999.0
2021-10-12 21:59:59.999;1634083200000.0;55996.91;56520.0;55825.9;56459.81;1774;1634086799999.0
2021-10-12 22:59:59.999;1634086800000.0;56459.82;56599.99;56155.66;56285.19;1342;1634090399999.0
2021-10-12 23:59:59.999;1634090400000.0;56285.19;56440.66;56159.09;56422.36;1770;1634093999999.0
2021-10-13 00:59:59.999;1634094000000.0;56422.35;56469.99;56235.88;56277.78;1093;1634097599999.0
2021-10-13 01:59:59.999;1634097600000.0;56277.79;56365.0;56018.45;56078.11;973;1634101199999.0
2021-10-13 02:59:59.999;1634101200000.0;56078.12;56225.8;54972.59;55011.85;3747;1634104799999.0
2021-10-13 03:59:59.999;1634104800000.0;55011.72;55519.99;54770.13;55358.28;3088;1634108399999.0
2021-10-13 04:59:59.999;1634108400000.0;55358.28;55475.0;54562.34;54612.61;2872;1634111999999.0
2021-10-13 05:59:59.999;1634112000000.0;54612.6;55295.7;54457.0;54616.64;3449;1634115599999.0
2021-10-13 06:59:59.999;1634115600000.0;54616.63;54950.0;54167.19;54890.22;2485;1634119199999.0
2021-10-13 07:59:59.999;1634119200000.0;54885.45;55155.67;54400.1;54657.87;1829;1634122799999.0
2021-10-13 08:59:59.999;1634122800000.0;54657.87;55231.94;54480.0;55210.79;1902;1634126399999.0
2021-10-13 09:59:59.999;1634126400000.0;55210.8;55340.08;54840.87;55056.5;2076;1634129999999.0
2021-10-13 10:59:59.999;1634130000000.0;55056.49;55230.29;54800.0;54898.53;1652;1634133599999.0
2021-10-13 11:59:59.999;1634133600000.0;54898.53;55900.0;54521.74;55784.15;3820;1634137199999.0
2021-10-13 12:59:59.999;1634137200000.0;55784.15;56440.75;55784.15;56168.85;3076;1634140799999.0
2021-10-13 13:59:59.999;1634140800000.0;56168.85;57120.0;56072.75;56941.72;3682;1634144399999.0
2021-10-13 14:59:59.999;1634144400000.0;56941.73;57242.0;56780.0;56891.12;3058;1634147999999.0
2021-10-13 15:59:59.999;1634148000000.0;56891.11;57210.52;56850.0;56976.38;1827;1634151599999.0
2021-10-13 16:59:59.999;1634151600000.0;56979.99;57300.0;56948.22;57259.77;1527;1634155199999.0
2021-10-13 17:59:59.999;1634155200000.0;57259.77;57500.0;56607.27;56980.25;3760;1634158799999.0
2021-10-13 18:59:59.999;1634158800000.0;56978.8;57720.0;56898.09;57508.69;2245;1634162399999.0
2021-10-13 19:59:59.999;1634162400000.0;57508.69;57777.0;57330.01;57371.19;1517;1634165999999.0
2021-10-13 20:59:59.999;1634166000000.0;57371.19;57463.05;57170.76;57367.0;1232;1634169599999.0
2021-10-13 21:59:59.999;1634169600000.0;57370.83;57740.0;57138.72;57727.76;1814;1634173199999.0
2021-10-13 22:59:59.999;1634173200000.0;57727.76;58467.33;57611.0;58300.02;4119;1634176799999.0
2021-10-13 23:59:59.999;1634176800000.0;58300.03;58532.54;58075.13;58210.46;2004;1634180399999.0
2021-10-14 00:59:59.999;1634180400000.0;58210.46;58260.76;58023.64;58065.99;945;1634183999999.0
2021-10-14 01:59:59.999;1634184000000.0;58065.99;58169.99;57678.06;57986.55;1726;1634187599999.0
2021-10-14 02:59:59.999;1634187600000.0;57986.54;58113.38;57800.0;57965.01;1290;1634191199999.0
2021-10-14 03:59:59.999;1634191200000.0;57965.01;58069.2;57480.76;57673.39;1612;1634194799999.0
2021-10-14 04:59:59.999;1634194800000.0;57673.4;57799.31;57333.33;57367.3;1442;1634198399999.0
2021-10-14 05:59:59.999;1634198400000.0;57367.3;57697.91;57327.59;57453.23;1356;1634201999999.0
2021-10-14 06:59:59.999;1634202000000.0;57453.22;57713.31;57189.0;57414.6;2326;1634205599999.0
2021-10-14 07:59:59.999;1634205600000.0;57414.6;57795.02;57240.85;57660.05;1614;1634209199999.0
2021-10-14 08:59:59.999;1634209200000.0;57660.04;58150.0;57552.49;57622.42;2290;1634212799999.0
2021-10-14 09:59:59.999;1634212800000.0;57622.42;57986.2;57397.25;57563.02;2327;1634216399999.0
2021-10-14 10:59:59.999;1634216400000.0;57563.02;57760.0;57300.0;57399.71;1580;1634219999999.0
2021-10-14 11:59:59.999;1634220000000.0;57399.72;57628.33;57243.0;57385.55;1768;1634223599999.0
2021-10-14 12:59:59.999;1634223600000.0;57385.55;57817.41;56947.59;57331.31;3296;1634227199999.0
2021-10-14 13:59:59.999;1634227200000.0;57331.3;57437.67;56964.3;57113.48;2164;1634230799999.0
2021-10-14 14:59:59.999;1634230800000.0;57113.48;57261.9;57069.34;57186.79;774;1634234399999.0
2021-10-14 15:59:59.999;1634234400000.0;57186.79;58086.98;56818.05;58029.33;2842;1634237999999.0
2021-10-14 16:59:59.999;1634238000000.0;58029.33;58038.46;56818.05;57833.12;2656;1634241599999.0
2021-10-14 17:59:59.999;1634241600000.0;57833.11;57867.11;57414.09;57427.62;821;1634245199999.0
2021-10-14 18:59:59.999;1634245200000.0;57427.63;57740.11;57427.62;57740.1;710;1634248799999.0
2021-10-14 19:59:59.999;1634248800000.0;57740.1;57749.98;57468.53;57586.77;626;1634252399999.0
2021-10-14 20:59:59.999;1634252400000.0;57586.77;57649.99;57207.89;57347.94;938;1634255999999.0
2021-10-14 21:59:59.999;1634256000000.0;57347.94;57449.99;56990.0;57050.36;1210;1634259599999.0
2021-10-14 22:59:59.999;1634259600000.0;57050.35;57307.86;56850.0;57258.62;1259;1634263199999.0
2021-10-14 23:59:59.999;1634263200000.0;57258.62;59333.0;57095.82;59086.91;8281;1634266799999.0
2021-10-15 00:59:59.999;1634266800000.0;59086.91;59453.75;58849.84;59431.71;3854;1634270399999.0
2021-10-15 01:59:59.999;1634270400000.0;59431.7;59700.0;59142.86;59597.64;3965;1634273999999.0
2021-10-15 02:59:59.999;1634274000000.0;59597.64;59998.0;59379.14;59550.01;4157;1634277599999.0
2021-10-15 03:59:59.999;1634277600000.0;59550.0;59720.0;59358.0;59653.15;2324;1634281199999.0
2021-10-15 04:59:59.999;1634281200000.0;59653.15;59689.99;59189.23;59231.5;1854;1634284799999.0
2021-10-15 05:59:59.999;1634284800000.0;59231.5;59426.97;58800.0;58945.34;4013;1634288399999.0
2021-10-15 06:59:59.999;1634288400000.0;58945.35;59374.51;58739.17;59365.0;2353;1634291999999.0
2021-10-15 07:59:59.999;1634292000000.0;59364.99;59398.97;58848.95;59290.98;2239;1634295599999.0
2021-10-15 08:59:59.999;1634295600000.0;59290.98;59537.61;59193.35;59527.99;1719;1634299199999.0
2021-10-15 09:59:59.999;1634299200000.0;59527.99;59589.15;59187.66;59270.01;2006;1634302799999.0
2021-10-15 10:59:59.999;1634302800000.0;59270.01;60361.5;59223.0;59962.25;4698;1634306399999.0
2021-10-15 11:59:59.999;1634306400000.0;59962.26;60270.0;59620.0;60077.7;3953;1634309999999.0
2021-10-15 12:59:59.999;1634310000000.0;60077.7;60116.2;59617.91;60038.36;2862;1634313599999.0
2021-10-15 13:59:59.999;1634313600000.0;60038.36;61533.0;60001.91;61456.49;7800;1634317199999.0
2021-10-15 14:59:59.999;1634317200000.0;61456.48;61880.0;61054.64;61762.0;4728;1634320799999.0
2021-10-15 15:59:59.999;1634320800000.0;61762.01;61854.34;61521.0;61649.97;2008;1634324399999.0
2021-10-15 16:59:59.999;1634324400000.0;61649.97;61675.21;61225.01;61446.32;2014;1634327999999.0
2021-10-15 17:59:59.999;1634328000000.0;61446.33;62933.0;61140.27;62557.59;7616;1634331599999.0
2021-10-15 18:59:59.999;1634331600000.0;62557.58;62583.65;60797.01;61209.41;3757;1634335199999.0
2021-10-15 19:59:59.999;1634335200000.0;61209.42;61550.12;61205.83;61294.28;1875;1634338799999.0
2021-10-15 20:59:59.999;1634338800000.0;61294.27;61805.55;60905.2;61672.42;1958;1634342399999.0
2021-10-15 21:59:59.999;1634342400000.0;61672.42;61771.65;61182.13;61448.92;1960;1634345999999.0
2021-10-15 22:59:59.999;1634346000000.0;61448.92;61560.0;61200.0;61393.07;1278;1634349599999.0
2021-10-15 23:59:59.999;1634349600000.0;61393.07;61735.94;61120.0;61618.37;1346;1634353199999.0
2021-10-16 00:59:59.999;1634353200000.0;61618.38;61742.04;61360.22;61655.99;1004;1634356799999.0
2021-10-16 01:59:59.999;1634356800000.0;61655.99;62178.97;61551.31;61747.64;1562;1634360399999.0
2021-10-16 02:59:59.999;1634360400000.0;61747.64;62378.42;61721.3;62133.82;1607;1634363999999.0
2021-10-16 03:59:59.999;1634364000000.0;62133.83;62319.77;61856.0;61856.0;1178;1634367599999.0
2021-10-16 04:59:59.999;1634367600000.0;61856.01;61975.29;61562.87;61733.96;1162;1634371199999.0
2021-10-16 05:59:59.999;1634371200000.0;61733.96;62062.55;61446.39;61529.95;2428;1634374799999.0
2021-10-16 06:59:59.999;1634374800000.0;61529.94;61650.0;61385.42;61424.73;1850;1634378399999.0
2021-10-16 07:59:59.999;1634378400000.0;61424.72;61684.98;61324.79;61536.07;1569;1634381999999.0
2021-10-16 08:59:59.999;1634382000000.0;61536.07;61762.63;61430.0;61597.26;1352;1634385599999.0
2021-10-16 09:59:59.999;1634385600000.0;61597.26;61605.81;60398.73;60679.14;3799;1634389199999.0
2021-10-16 10:59:59.999;1634389200000.0;60679.14;61100.0;60521.0;61017.59;2097;1634392799999.0
2021-10-16 11:59:59.999;1634392800000.0;61017.61;61270.11;60750.0;60887.55;1657;1634396399999.0
2021-10-16 12:59:59.999;1634396400000.0;60887.55;61130.0;60642.59;60941.04;1533;1634399999999.0
2021-10-16 13:59:59.999;1634400000000.0;60941.04;61048.97;60515.91;60643.17;1110;1634403599999.0
2021-10-16 14:59:59.999;1634403600000.0;60643.17;60705.19;60150.0;60593.01;1939;1634407199999.0
2021-10-16 15:59:59.999;1634407200000.0;60593.0;61215.64;60512.26;61055.65;1146;1634410799999.0
2021-10-16 16:59:59.999;1634410800000.0;61055.65;61085.81;60808.1;60834.34;710;1634414399999.0
2021-10-16 17:59:59.999;1634414400000.0;60834.34;61065.77;60545.95;61029.0;981;1634417999999.0
2021-10-16 18:59:59.999;1634418000000.0;61027.39;61300.0;60668.19;60670.18;907;1634421599999.0
2021-10-16 19:59:59.999;1634421600000.0;60670.18;60938.77;60500.0;60795.35;624;1634425199999.0
2021-10-16 20:59:59.999;1634425200000.0;60795.34;61088.6;60701.09;60875.57;656;1634428799999.0
2021-10-16 21:59:59.999;1634428800000.0;60875.57;61167.95;60475.76;60916.18;1575;1634432399999.0
2021-10-16 22:59:59.999;1634432400000.0;60920.47;61405.94;60866.49;61077.62;1227;1634435999999.0
2021-10-16 23:59:59.999;1634436000000.0;61077.63;61220.82;60849.56;61100.0;750;1634439599999.0
2021-10-17 00:59:59.999;1634439600000.0;61100.0;61363.53;61044.44;61115.85;949;1634443199999.0
2021-10-17 01:59:59.999;1634443200000.0;61115.86;61249.93;60883.39;60912.35;1081;1634446799999.0
2021-10-17 02:59:59.999;1634446800000.0;60912.36;60973.1;60609.24;60648.87;935;1634450399999.0
2021-10-17 03:59:59.999;1634450400000.0;60648.87;60856.27;60543.01;60671.98;947;1634453999999.0
2021-10-17 04:59:59.999;1634454000000.0;60671.98;60840.79;60299.33;60329.54;1105;1634457599999.0
2021-10-17 05:59:59.999;1634457600000.0;60329.54;60912.48;60322.85;60670.93;1059;1634461199999.0
2021-10-17 06:59:59.999;1634461200000.0;60670.92;61240.92;60619.89;61222.81;1279;1634464799999.0
2021-10-17 07:59:59.999;1634464800000.0;61222.81;61465.9;60919.36;61133.33;1668;1634468399999.0
2021-10-17 08:59:59.999;1634468400000.0;61133.33;61320.33;60935.0;60939.89;1318;1634471999999.0
2021-10-17 09:59:59.999;1634472000000.0;60939.9;60982.82;60700.0;60861.23;1366;1634475599999.0
2021-10-17 10:59:59.999;1634475600000.0;60861.23;61326.64;60605.34;61017.04;1988;1634479199999.0
2021-10-17 11:59:59.999;1634479200000.0;61017.04;61100.0;60756.99;61017.77;782;1634482799999.0
2021-10-17 12:59:59.999;1634482800000.0;61017.77;61100.26;60471.97;60764.12;1673;1634486399999.0
2021-10-17 13:59:59.999;1634486400000.0;60764.13;61000.0;60659.2;60971.39;1394;1634489999999.0
2021-10-17 14:59:59.999;1634490000000.0;60971.39;61080.0;60800.0;61029.65;1016;1634493599999.0
2021-10-17 15:59:59.999;1634493600000.0;61029.66;61040.59;60841.52;60976.09;667;1634497199999.0
2021-10-17 16:59:59.999;1634497200000.0;60976.08;61000.0;60379.56;60519.48;1576;1634500799999.0
2021-10-17 17:59:59.999;1634500800000.0;60519.48;60519.49;58963.0;59401.12;6793;1634504399999.0
2021-10-17 18:59:59.999;1634504400000.0;59401.12;60694.44;59300.21;60623.95;2805;1634507999999.0
2021-10-17 19:59:59.999;1634508000000.0;60623.95;61328.35;60623.94;61275.67;2882;1634511599999.0
2021-10-17 20:59:59.999;1634511600000.0;61275.67;61718.39;61166.07;61528.33;2251;1634515199999.0
2021-10-17 21:59:59.999;1634515200000.0;61528.32;62471.53;61406.27;62460.75;3532;1634518799999.0
2021-10-17 22:59:59.999;1634518800000.0;62460.75;62578.91;62000.0;62098.05;2302;1634522399999.0
2021-10-17 23:59:59.999;1634522400000.0;62098.05;62329.34;61942.4;62106.21;1355;1634525999999.0
2021-10-18 00:59:59.999;1634526000000.0;62106.21;62271.34;61881.0;62123.87;1031;1634529599999.0
2021-10-18 01:59:59.999;1634529600000.0;62123.87;62419.99;62000.01;62371.15;1300;1634533199999.0
2021-10-18 02:59:59.999;1634533200000.0;62371.16;62533.64;62245.39;62371.08;1477;1634536799999.0
2021-10-18 03:59:59.999;1634536800000.0;62371.07;62456.49;62124.65;62255.61;1429;1634540399999.0
2021-10-18 04:59:59.999;1634540400000.0;62255.62;62695.78;61775.38;61885.42;2542;1634543999999.0
2021-10-18 05:59:59.999;1634544000000.0;61885.43;62464.01;61505.0;61807.94;2786;1634547599999.0
2021-10-18 06:59:59.999;1634547600000.0;61807.93;62143.6;60579.02;61245.6;3524;1634551199999.0
2021-10-18 07:59:59.999;1634551200000.0;61245.59;61524.2;60627.59;61316.57;3513;1634554799999.0
2021-10-18 08:59:59.999;1634554800000.0;61316.54;61556.35;60700.0;60933.04;2630;1634558399999.0
2021-10-18 09:59:59.999;1634558400000.0;60933.04;61170.66;60270.0;60617.01;2755;1634561999999.0
2021-10-18 10:59:59.999;1634562000000.0;60617.01;61943.1;59844.45;61835.23;5289;1634565599999.0
2021-10-18 11:59:59.999;1634565600000.0;61835.22;62213.73;61604.99;62092.4;2802;1634569199999.0
2021-10-18 12:59:59.999;1634569200000.0;62088.22;62200.0;61700.0;62003.03;1748;1634572799999.0
2021-10-18 13:59:59.999;1634572800000.0;62003.04;62377.73;61452.0;61820.77;2563;1634576399999.0
2021-10-18 14:59:59.999;1634576400000.0;61820.78;62093.03;61712.86;61738.07;1327;1634579999999.0
2021-10-18 15:59:59.999;1634580000000.0;61738.07;62050.0;61700.0;61850.01;1151;1634583599999.0
2021-10-18 16:59:59.999;1634583600000.0;61850.0;61850.02;61034.05;61434.63;2485;1634587199999.0
2021-10-18 17:59:59.999;1634587200000.0;61434.64;61600.0;61110.0;61344.06;1346;1634590799999.0
2021-10-18 18:59:59.999;1634590800000.0;61344.05;61881.78;61106.4;61794.91;1034;1634594399999.0
2021-10-18 19:59:59.999;1634594400000.0;61794.9;62099.85;61591.97;62075.0;1037;1634597999999.0
2021-10-18 20:59:59.999;1634598000000.0;62075.0;62104.72;61824.26;62009.84;829;1634601599999.0
2021-10-18 21:59:59.999;1634601600000.0;62005.6;62337.04;61802.47;61857.74;1410;1634605199999.0
2021-10-18 22:59:59.999;1634605200000.0;61857.75;62015.0;61526.62;61826.96;1374;1634608799999.0
2021-10-18 23:59:59.999;1634608800000.0;61826.95;61927.0;61678.85;61744.44;733;1634612399999.0
2021-10-19 00:59:59.999;1634612400000.0;61744.44;62998.0;61722.46;62588.86;3989;1634615999999.0
2021-10-19 01:59:59.999;1634616000000.0;62588.86;62820.2;62256.37;62429.0;1359;1634619599999.0
2021-10-19 02:59:59.999;1634619600000.0;62429.0;62573.24;62301.7;62476.65;1139;1634623199999.0
2021-10-19 03:59:59.999;1634623200000.0;62476.66;62509.3;61986.85;62194.72;1624;1634626799999.0
2021-10-19 04:59:59.999;1634626800000.0;62194.72;62340.0;61994.52;62297.06;1127;1634630399999.0
2021-10-19 05:59:59.999;1634630400000.0;62297.06;62574.42;61743.61;62539.91;1677;1634633999999.0
2021-10-19 06:59:59.999;1634634000000.0;62539.92;62548.06;61900.0;62139.09;1253;1634637599999.0
2021-10-19 07:59:59.999;1634637600000.0;62139.09;62400.0;62043.8;62249.85;1099;1634641199999.0
2021-10-19 08:59:59.999;1634641200000.0;62249.86;62337.41;62065.3;62128.39;967;1634644799999.0
2021-10-19 09:59:59.999;1634644800000.0;62128.39;62515.0;62000.0;62223.65;1751;1634648399999.0
2021-10-19 10:59:59.999;1634648400000.0;62223.65;63278.61;62070.0;62604.41;6361;1634651999999.0
2021-10-19 11:59:59.999;1634652000000.0;62604.41;62686.21;61322.22;62531.22;5253;1634655599999.0
2021-10-19 12:59:59.999;1634655600000.0;62531.22;62800.0;62323.0;62395.99;2113;1634659199999.0
2021-10-19 13:59:59.999;1634659200000.0;62395.99;63180.0;62311.02;63172.17;2134;1634662799999.0
2021-10-19 14:59:59.999;1634662800000.0;63168.99;63480.0;63036.5;63411.27;2945;1634666399999.0
2021-10-19 15:59:59.999;1634666400000.0;63411.26;63628.65;63081.37;63429.96;2636;1634669999999.0
2021-10-19 16:59:59.999;1634670000000.0;63429.97;64299.0;63398.2;64177.15;4507;1634673599999.0
2021-10-19 17:59:59.999;1634673600000.0;64170.58;64343.0;63801.0;64116.96;3084;1634677199999.0
2021-10-19 18:59:59.999;1634677200000.0;64116.96;64192.31;63590.0;64067.7;2006;1634680799999.0
2021-10-19 19:59:59.999;1634680800000.0;64067.71;64230.18;63827.99;64080.16;1527;1634684399999.0
2021-10-19 20:59:59.999;1634684400000.0;64083.38;64486.0;63995.0;64280.59;1549;1634687999999.0
2021-10-19 21:59:59.999;1634688000000.0;64280.59;64375.34;63982.76;64064.98;1194;1634691599999.0
2021-10-19 22:59:59.999;1634691600000.0;64064.97;64192.61;63715.66;63822.57;1311;1634695199999.0
2021-10-19 23:59:59.999;1634695200000.0;63822.57;63939.45;63699.6;63797.73;854;1634698799999.0
2021-10-20 00:59:59.999;1634698800000.0;63797.73;64041.96;63793.65;63844.67;1059;1634702399999.0
2021-10-20 01:59:59.999;1634702400000.0;63844.67;64059.67;63767.24;64041.0;800;1634705999999.0
2021-10-20 02:59:59.999;1634706000000.0;64041.01;64043.96;63481.4;63779.41;1541;1634709599999.0
2021-10-20 03:59:59.999;1634709600000.0;63779.42;64200.69;63695.46;63811.42;1308;1634713199999.0
2021-10-20 04:59:59.999;1634713200000.0;63811.42;64099.99;63745.31;63999.97;855;1634716799999.0
2021-10-20 05:59:59.999;1634716800000.0;63999.98;64250.0;63955.4;64031.44;1409;1634720399999.0
2021-10-20 06:59:59.999;1634720400000.0;64031.43;64195.52;63850.0;64015.24;1088;1634723999999.0
2021-10-20 07:59:59.999;1634724000000.0;64015.24;64050.0;63750.0;63829.99;1924;1634727599999.0
2021-10-20 08:59:59.999;1634727600000.0;63829.99;63930.0;63697.69;63791.1;1166;1634731199999.0
2021-10-20 09:59:59.999;1634731200000.0;63788.0;64555.0;63760.0;64374.29;2809;1634734799999.0
2021-10-20 10:59:59.999;1634734800000.0;64374.29;66100.0;64145.51;66040.59;7392;1634738399999.0
2021-10-20 11:59:59.999;1634738400000.0;66040.6;67000.0;65706.07;66686.84;7402;1634741999999.0
2021-10-20 12:59:59.999;1634742000000.0;66686.85;66900.78;66303.99;66875.83;4104;1634745599999.0
2021-10-20 13:59:59.999;1634745600000.0;66875.84;66940.73;66340.01;66449.01;3275;1634749199999.0
2021-10-20 14:59:59.999;1634749200000.0;66449.01;66538.61;66104.32;66363.02;2434;1634752799999.0
2021-10-20 15:59:59.999;1634752800000.0;66363.02;66700.0;66323.27;66644.01;1671;1634756399999.0
2021-10-20 16:59:59.999;1634756400000.0;66644.0;66700.0;66238.0;66397.59;1722;1634759999999.0
2021-10-20 17:59:59.999;1634760000000.0;66397.6;66444.47;65662.95;66002.03;2444;1634763599999.0
2021-10-20 18:59:59.999;1634763600000.0;65993.78;66064.9;65567.0;65807.5;1289;1634767199999.0
2021-10-20 19:59:59.999;1634767200000.0;65807.5;66096.26;65462.0;65903.19;1202;1634770799999.0
2021-10-20 20:59:59.999;1634770800000.0;65903.19;66189.81;65854.74;66001.41;1162;1634774399999.0
2021-10-20 21:59:59.999;1634774400000.0;66001.4;66033.64;65550.66;65622.05;2209;1634777999999.0
2021-10-20 22:59:59.999;1634778000000.0;65622.04;65700.0;64620.0;64992.18;3433;1634781599999.0
2021-10-20 23:59:59.999;1634781600000.0;64992.18;65381.41;64062.82;64940.18;4545;1634785199999.0
2021-10-21 00:59:59.999;1634785200000.0;64940.17;65195.0;64432.3;65069.02;2351;1634788799999.0
2021-10-21 01:59:59.999;1634788800000.0;65069.03;65192.04;64612.0;65042.99;1570;1634792399999.0
2021-10-21 02:59:59.999;1634792400000.0;65042.99;65162.0;64800.41;64825.71;1325;1634795999999.0
2021-10-21 03:59:59.999;1634796000000.0;64825.72;65024.45;64142.01;64679.39;2332;1634799599999.0
2021-10-21 04:59:59.999;1634799600000.0;64677.45;65272.86;64425.19;65100.7;1874;1634803199999.0
2021-10-21 05:59:59.999;1634803200000.0;65100.7;66124.17;65064.35;65882.09;3115;1634806799999.0
2021-10-21 06:59:59.999;1634806800000.0;65882.09;66639.74;65865.53;66185.89;2857;1634810399999.0
2021-10-21 07:59:59.999;1634810400000.0;66185.89;66236.91;65555.0;65590.99;2581;1634813999999.0
2021-10-21 08:59:59.999;1634814000000.0;65590.98;65975.35;64175.0;64827.9;5674;1634817599999.0
2021-10-21 09:59:59.999;1634817600000.0;64836.51;65220.0;64366.72;65060.14;2938;1634821199999.0
2021-10-21 10:59:59.999;1634821200000.0;65060.15;65599.98;64681.26;64752.24;2238;1634824799999.0
2021-10-21 11:59:59.999;1634824800000.0;64752.25;64900.0;62888.0;63648.66;6666;1634828399999.0
2021-10-21 12:59:59.999;1634828400000.0;63648.65;63888.0;62000.0;62971.2;5869;1634831999999.0
2021-10-21 13:59:59.999;1634832000000.0;62971.2;63645.1;62188.0;62800.52;3443;1634835599999.0
2021-10-21 14:59:59.999;1634835600000.0;62798.49;63342.37;62412.76;62487.0;2118;1634839199999.0
2021-10-21 15:59:59.999;1634839200000.0;62486.99;63200.0;62486.99;62737.67;1997;1634842799999.0
2021-10-21 16:59:59.999;1634842800000.0;62737.67;63500.0;62569.02;62802.07;2324;1634846399999.0
2021-10-21 17:59:59.999;1634846400000.0;62801.57;63186.94;62350.0;62665.11;2250;1634849999999.0
2021-10-21 18:59:59.999;1634850000000.0;62665.11;63024.79;62222.22;62747.97;1274;1634853599999.0
2021-10-21 19:59:59.999;1634853600000.0;62740.76;63109.0;62387.51;62437.56;1572;1634857199999.0
2021-10-21 20:59:59.999;1634857200000.0;62442.49;62707.68;62000.0;62193.15;1974;1634860799999.0
2021-10-21 21:59:59.999;1634860800000.0;62193.15;62900.0;62000.0;62789.22;4458;1634864399999.0
2021-10-21 22:59:59.999;1634864400000.0;62789.22;63062.21;62560.0;62566.89;1612;1634867999999.0
2021-10-21 23:59:59.999;1634868000000.0;62566.88;63013.68;62520.0;62840.0;1223;1634871599999.0
2021-10-22 00:59:59.999;1634871600000.0;62839.99;63351.02;62823.55;63237.9;1384;1634875199999.0
2021-10-22 01:59:59.999;1634875200000.0;63237.9;63303.5;62853.8;63038.0;1091;1634878799999.0
2021-10-22 02:59:59.999;1634878800000.0;63038.0;63184.56;62780.0;63013.04;1282;1634882399999.0
2021-10-22 03:59:59.999;1634882400000.0;63013.04;63209.75;62464.6;62724.0;1558;1634885999999.0
2021-10-22 04:59:59.999;1634886000000.0;62723.99;63408.85;62604.36;63371.33;2051;1634889599999.0
2021-10-22 05:59:59.999;1634889600000.0;63371.33;63640.93;63248.42;63569.55;1895;1634893199999.0
2021-10-22 06:59:59.999;1634893200000.0;63569.56;63732.39;63156.0;63290.28;1710;1634896799999.0
2021-10-22 07:59:59.999;1634896800000.0;63290.29;63335.3;62874.71;63186.07;1230;1634900399999.0
2021-10-22 08:59:59.999;1634900400000.0;63186.06;63454.72;63166.49;63376.8;1055;1634903999999.0
2021-10-22 09:59:59.999;1634904000000.0;63376.81;63652.58;63131.19;63641.97;1276;1634907599999.0
2021-10-22 10:59:59.999;1634907600000.0;63641.98;63709.5;62320.0;62415.99;2750;1634911199999.0
2021-10-22 11:59:59.999;1634911200000.0;62416.0;62447.87;61111.0;61571.98;6539;1634914799999.0
2021-10-22 12:59:59.999;1634914800000.0;61571.99;61716.91;60478.1;60690.94;5339;1634918399999.0
2021-10-22 13:59:59.999;1634918400000.0;60690.94;61390.07;60000.0;61154.7;6022;1634921999999.0
2021-10-22 14:59:59.999;1634922000000.0;61154.71;61299.0;60482.01;60576.03;2108;1634925599999.0
2021-10-22 15:59:59.999;1634925600000.0;60576.02;60900.0;60213.63;60638.65;1813;1634929199999.0
2021-10-22 16:59:59.999;1634929200000.0;60638.66;61050.01;60335.01;61032.7;1438;1634932799999.0
2021-10-22 17:59:59.999;1634932800000.0;61032.71;61240.0;60697.95;60731.48;1667;1634936399999.0
2021-10-22 18:59:59.999;1634936400000.0;60731.48;60986.89;60129.63;60404.07;1228;1634939999999.0
2021-10-22 19:59:59.999;1634940000000.0;60404.07;60825.52;60310.0;60639.15;830;1634943599999.0
2021-10-22 20:59:59.999;1634943600000.0;60639.15;60889.59;60614.0;60688.22;547;1634947199999.0
2021-10-22 21:59:59.999;1634947200000.0;60688.23;61175.0;60358.0;61172.88;1302;1634950799999.0
2021-10-22 22:59:59.999;1634950800000.0;61174.99;61239.55;60855.76;61029.13;785;1634954399999.0
2021-10-22 23:59:59.999;1634954400000.0;61029.13;61247.55;60977.44;61134.91;762;1634957999999.0
2021-10-23 00:59:59.999;1634958000000.0;61134.91;61258.43;61023.73;61236.52;553;1634961599999.0
2021-10-23 01:59:59.999;1634961600000.0;61236.52;61567.11;61020.01;61153.51;1417;1634965199999.0
2021-10-23 02:59:59.999;1634965200000.0;61153.52;61250.14;60862.06;60990.0;737;1634968799999.0
2021-10-23 03:59:59.999;1634968800000.0;60990.0;61097.49;60750.0;61047.63;615;1634972399999.0
2021-10-23 04:59:59.999;1634972400000.0;61047.63;61099.52;60705.0;60880.0;837;1634975999999.0
2021-10-23 05:59:59.999;1634976000000.0;60879.99;61150.0;60879.0;61075.04;713;1634979599999.0
2021-10-23 06:59:59.999;1634979600000.0;61085.5;61115.72;60313.0;60667.63;1320;1634983199999.0
2021-10-23 07:59:59.999;1634983200000.0;60667.63;60792.24;60075.94;60125.63;1085;1634986799999.0
2021-10-23 08:59:59.999;1634986800000.0;60125.62;61688.0;59562.15;61552.23;5167;1634990399999.0
2021-10-23 09:59:59.999;1634990400000.0;61552.24;61747.64;61304.28;61535.31;1444;1634993999999.0
2021-10-23 10:59:59.999;1634994000000.0;61535.31;61700.0;61188.35;61322.06;1014;1634997599999.0
2021-10-23 11:59:59.999;1634997600000.0;61322.06;61478.08;60963.15;61030.8;1093;1635001199999.0
2021-10-23 12:59:59.999;1635001200000.0;61030.8;61513.03;61027.09;61193.66;926;1635004799999.0
